Province;Code Province;Territoire;Code Terrtoire;Zone de santé;"Code
Zone de santé";Besoins_345;CIBLE_345;Besoins_total;Cible_totale
Kinshasa;CD10;Kinshasa;CD1000;Bandalungwa;CD1000ZS01;0;0;0;0
Kinshasa;CD10;Kinshasa;CD1000;Barumbu;CD1000ZS02;0;0;0;0
Kinshasa;CD10;Kinshasa;CD1000;Binza Meteo;CD1000ZS03;0;0;0;0
Kinshasa;CD10;Kinshasa;CD1000;Binza Ozone;CD1000ZS04;0;0;0;0
Kinshasa;CD10;Kinshasa;CD1000;Biyela;CD1000ZS05;0;0;0;0
Kinshasa;CD10;Kinshasa;CD1000;Bumbu;CD1000ZS06;0;0;0;0
Kinshasa;CD10;Kinshasa;CD1000;Gombe;CD1000ZS07;0;0;0;0
Kinshasa;CD10;Kinshasa;CD1000;Kalamu I;CD1000ZS08;0;0;0;0
Kinshasa;CD10;Kinshasa;CD1000;Kalamu II;CD1000ZS09;0;0;0;0
Kinshasa;CD10;Kinshasa;CD1000;Kasa-Vubu;CD1000ZS10;0;0;0;0
Kinshasa;CD10;Kinshasa;CD1000;Kikimi;CD1000ZS11;0;0;0;0
Kinshasa;CD10;Kinshasa;CD1000;Kimbanseke;CD1000ZS12;0;0;0;0
Kinshasa;CD10;Kinshasa;CD1000;Kingabwa;CD1000ZS13;0;0;0;0
Kinshasa;CD10;Kinshasa;CD1000;Kingasani;CD1000ZS14;0;0;0;0
Kinshasa;CD10;Kinshasa;CD1000;Kinshasa;CD1000ZS15;0;0;0;0
Kinshasa;CD10;Kinshasa;CD1000;Kintambo;CD1000ZS16;0;0;0;0
Kinshasa;CD10;Kinshasa;CD1000;Kisenso;CD1000ZS17;0;0;0;0
Kinshasa;CD10;Kinshasa;CD1000;Kokolo;CD1000ZS18;0;0;0;0
Kinshasa;CD10;Kinshasa;CD1000;Lemba;CD1000ZS19;0;0;0;0
Kinshasa;CD10;Kinshasa;CD1000;Limete;CD1000ZS20;0;0;0;0
Kinshasa;CD10;Kinshasa;CD1000;Lingwala;CD1000ZS21;0;0;0;0
Kinshasa;CD10;Kinshasa;CD1000;Makala;CD1000ZS22;0;0;0;0
Kinshasa;CD10;Kinshasa;CD1000;Maluku I;CD1000ZS23;0;0;0;0
Kinshasa;CD10;Kinshasa;CD1000;Maluku II;CD1000ZS24;0;0;0;0
Kinshasa;CD10;Kinshasa;CD1000;Masina I;CD1000ZS25;0;0;0;0
Kinshasa;CD10;Kinshasa;CD1000;Masina II;CD1000ZS26;0;0;0;0
Kinshasa;CD10;Kinshasa;CD1000;Matete;CD1000ZS27;0;0;0;0
Kinshasa;CD10;Kinshasa;CD1000;Mont Ngafula I;CD1000ZS28;0;0;0;0
Kinshasa;CD10;Kinshasa;CD1000;Mont Ngafula II;CD1000ZS29;0;0;0;0
Kinshasa;CD10;Kinshasa;CD1000;Ndjili;CD1000ZS30;0;0;0;0
Kinshasa;CD10;Kinshasa;CD1000;Ngaba;CD1000ZS31;0;0;0;0
Kinshasa;CD10;Kinshasa;CD1000;Ngiri-Ngiri;CD1000ZS32;0;0;0;0
Kinshasa;CD10;Kinshasa;CD1000;Nsele;CD1000ZS33;0;0;0;0
Kinshasa;CD10;Kinshasa;CD1000;Police;CD1000ZS34;0;0;0;0
Kinshasa;CD10;Kinshasa;CD1000;Selembao;CD1000ZS35;0;0;0;0
Kongo-Central;CD20;Matadi;CD2001;Matadi;CD2001ZS01;0;0;0;0
Kongo-Central;CD20;Matadi;CD2001;Nzanza;CD2001ZS02;0;0;0;0
Kongo-Central;CD20;Boma;CD2002;Boma;CD2002ZS01;0;0;0;0
Kongo-Central;CD20;Moanda;CD2003;Boma Bungu;CD2003ZS01;0;0;0;0
Kongo-Central;CD20;Moanda;CD2003;Kitona;CD2003ZS02;0;0;0;0
Kongo-Central;CD20;Moanda;CD2003;Moanda;CD2003ZS03;0;0;0;0
Kongo-Central;CD20;Lukula;CD2005;Kangu;CD2005ZS01;0;0;0;0
Kongo-Central;CD20;Lukula;CD2005;Lukula;CD2005ZS02;0;0;0;0
Kongo-Central;CD20;Tshela;CD2007;Kinkonzi;CD2007ZS01;0;0;0;0
Kongo-Central;CD20;Tshela;CD2007;Kizu;CD2007ZS02;0;0;0;0
Kongo-Central;CD20;Tshela;CD2007;Kuimba;CD2007ZS03;0;0;0;0
Kongo-Central;CD20;Tshela;CD2007;Tshela;CD2007ZS04;0;0;0;0
Kongo-Central;CD20;Tshela;CD2007;Vaku;CD2007ZS05;0;0;0;0
Kongo-Central;CD20;Seke-Banza;CD2009;Inga;CD2009ZS01;0;0;0;0
Kongo-Central;CD20;Seke-Banza;CD2009;Seke-Banza;CD2009ZS02;0;0;0;0
Kongo-Central;CD20;Luozi;CD2010;Kibunzi;CD2010ZS01;0;0;0;0
Kongo-Central;CD20;Luozi;CD2010;Luozi;CD2010ZS02;0;0;0;0
Kongo-Central;CD20;Luozi;CD2010;Mangembo;CD2010ZS03;0;0;0;0
Kongo-Central;CD20;Songololo;CD2011;Kimpese;CD2011ZS01;0;0;0;0
Kongo-Central;CD20;Songololo;CD2011;Nsona-Mpangu;CD2011ZS02;0;0;0;0
Kongo-Central;CD20;Mbanza-Ngungu;CD2013;Boko-Kivulu;CD2013ZS01;0;0;0;0
Kongo-Central;CD20;Mbanza-Ngungu;CD2013;Gombe-Matadi;CD2013ZS02;0;0;0;0
Kongo-Central;CD20;Mbanza-Ngungu;CD2013;Kimpangu;CD2013ZS03;0;0;0;0
Kongo-Central;CD20;Mbanza-Ngungu;CD2013;Kwilu-Ngongo;CD2013ZS04;0;0;0;0
Kongo-Central;CD20;Mbanza-Ngungu;CD2013;Mbanza-Ngungu;CD2013ZS05;0;0;0;0
Kongo-Central;CD20;Kasangulu;CD2015;Masa;CD2015ZS01;0;0;0;0
Kongo-Central;CD20;Kasangulu;CD2015;Sona-Bata;CD2015ZS02;0;0;0;0
Kongo-Central;CD20;Madimba;CD2017;Kisantu;CD2017ZS01;0;0;0;0
Kongo-Central;CD20;Madimba;CD2017;Ngidinga;CD2017ZS02;0;0;0;0
Kongo-Central;CD20;Madimba;CD2017;Nselo;CD2017ZS03;0;0;0;0
Kongo-Central;CD20;Kimvula;CD2019;Kimvula;CD2019ZS01;0;0;0;0
Kwango;CD31;Kenge;CD3102;Boko;CD3102ZS01;0;0;0;0
Kwango;CD31;Kenge;CD3102;Kenge;CD3102ZS02;0;0;0;0
Kwango;CD31;Kenge;CD3102;Kimbau;CD3102ZS03;0;0;0;0
Kwango;CD31;Feshi;CD3103;Feshi;CD3103ZS01;0;0;0;0
Kwango;CD31;Feshi;CD3103;Kisanji;CD3103ZS02;0;0;0;0
Kwango;CD31;Feshi;CD3103;Mwela Lembwa;CD3103ZS03;0;0;0;0
Kwango;CD31;Kahemba;CD3105;Kahemba;CD3105ZS01;0;0;0;0
Kwango;CD31;Kahemba;CD3105;Kajiji;CD3105ZS02;0;0;0;0
Kwango;CD31;Kasongo-Lunda;CD3106;Kasongo Lunda;CD3106ZS01;0;0;0;0
Kwango;CD31;Kasongo-Lunda;CD3106;Kitenda;CD3106ZS02;0;0;0;0
Kwango;CD31;Kasongo-Lunda;CD3106;Panzi;CD3106ZS03;0;0;0;0
Kwango;CD31;Kasongo-Lunda;CD3106;Tembo;CD3106ZS04;0;0;0;0
Kwango;CD31;Kasongo-Lunda;CD3106;Wamba Lwadi;CD3106ZS05;0;0;0;0
Kwango;CD31;Popokabaka;CD3108;Popokabaka;CD3108ZS01;0;0;0;0
Kwilu;CD32;Bandundu;CD3201;Bandundu;CD3201ZS01;0;0;0;0
Kwilu;CD32;Bagata;CD3202;Bagata;CD3202ZS01;0;0;0;0
Kwilu;CD32;Bagata;CD3202;Kikongo;CD3202ZS02;0;0;0;0
Kwilu;CD32;Bagata;CD3202;Sia;CD3202ZS03;0;0;0;0
Kwilu;CD32;Kikwit;CD3203;Kikwit-Nord;CD3203ZS01;0;0;0;0
Kwilu;CD32;Kikwit;CD3203;Kikwit-Sud;CD3203ZS02;0;0;0;0
Kwilu;CD32;Bulungu;CD3204;Bulungu;CD3204ZS01;0;0;0;0
Kwilu;CD32;Bulungu;CD3204;Djuma;CD3204ZS02;0;0;0;0
Kwilu;CD32;Bulungu;CD3204;Lusanga;CD3204ZS03;0;0;0;0
Kwilu;CD32;Bulungu;CD3204;Pay Kongila;CD3204ZS04;0;0;0;0
Kwilu;CD32;Bulungu;CD3204;Vanga;CD3204ZS05;0;0;0;0
Kwilu;CD32;Idiofa;CD3206;Idiofa;CD3206ZS01;0;0;0;0
Kwilu;CD32;Idiofa;CD3206;Ipamu;CD3206ZS02;0;0;0;0
Kwilu;CD32;Idiofa;CD3206;Kimputu;CD3206ZS03;0;0;0;0
Kwilu;CD32;Idiofa;CD3206;Koshibanda;CD3206ZS04;0;0;0;0
Kwilu;CD32;Idiofa;CD3206;Mokala;CD3206ZS05;0;0;0;0
Kwilu;CD32;Idiofa;CD3206;Mungindu;CD3206ZS06;0;0;0;0
Kwilu;CD32;Gungu;CD3210;Gungu;CD3210ZS01;0;0;0;0
Kwilu;CD32;Gungu;CD3210;Kingandu;CD3210ZS02;0;0;0;0
Kwilu;CD32;Gungu;CD3210;Mukedi;CD3210ZS03;0;0;0;0
Kwilu;CD32;Masi-Manimba;CD3212;Masi-Manimba;CD3212ZS01;0;0;0;0
Kwilu;CD32;Masi-Manimba;CD3212;Moanza;CD3212ZS02;0;0;0;0
Kwilu;CD32;Masi-Manimba;CD3212;Mosango;CD3212ZS03;0;0;0;0
Kwilu;CD32;Masi-Manimba;CD3212;Yasa-Bonga;CD3212ZS04;0;0;0;0
Maï-Ndombe;CD33;Inongo;CD3302;Banjow Moke;CD3302ZS01;0;0;0;0
Maï-Ndombe;CD33;Inongo;CD3302;Inongo;CD3302ZS02;0;0;0;0
Maï-Ndombe;CD33;Inongo;CD3302;Ntandembelo;CD3302ZS03;0;0;0;0
Maï-Ndombe;CD33;Kiri;CD3303;Kiri;CD3303ZS01;0;0;0;0
Maï-Ndombe;CD33;Kiri;CD3303;Penjwa;CD3303ZS02;0;0;0;0
Maï-Ndombe;CD33;Oshwe;CD3304;Bosobe;CD3304ZS01;0;0;0;0
Maï-Ndombe;CD33;Oshwe;CD3304;Mimia;CD3304ZS02;0;0;0;0
Maï-Ndombe;CD33;Oshwe;CD3304;Oshwe;CD3304ZS03;0;0;0;0
Maï-Ndombe;CD33;Kutu;CD3306;Bokoro;CD3306ZS01;0;0;0;0
Maï-Ndombe;CD33;Kutu;CD3306;Nioki;CD3306ZS02;0;0;0;0
Maï-Ndombe;CD33;Kwamouth;CD3307;Kwamouth;CD3307ZS01;0;0;0;0
Maï-Ndombe;CD33;Bolobo;CD3308;Bolobo;CD3308ZS01;0;0;0;0
Maï-Ndombe;CD33;Yumbi;CD3310;Yumbi;CD3310ZS01;38619;10801;38619;10801
Maï-Ndombe;CD33;Mushie;CD3311;Mushie;CD3311ZS01;0;0;0;0
Equateur;CD41;Mbandaka;CD4101;Bolenge;CD4101ZS01;0;0;0;0
Equateur;CD41;Mbandaka;CD4101;Mbandaka;CD4101ZS02;0;0;0;0
Equateur;CD41;Mbandaka;CD4101;Wangata;CD4101ZS03;0;0;0;0
Equateur;CD41;Bikoro;CD4102;Bikoro;CD4102ZS01;0;0;0;0
Equateur;CD41;Bikoro;CD4102;Iboko;CD4102ZS02;0;0;0;0
Equateur;CD41;Bikoro;CD4102;Ntondo;CD4102ZS03;0;0;0;0
Equateur;CD41;Lukolela;CD4103;Irebu;CD4103ZS01;0;0;0;0
Equateur;CD41;Lukolela;CD4103;Lukolela;CD4103ZS02;0;0;0;0
Equateur;CD41;Bomongo;CD4104;Bomongo;CD4104ZS01;0;0;0;0
Equateur;CD41;Bomongo;CD4104;Lilanga Bobangi;CD4104ZS02;0;0;0;0
Equateur;CD41;Makanza;CD4105;Makanza;CD4105ZS01;0;0;0;0
Equateur;CD41;Basankusu;CD4107;Basankusu;CD4107ZS01;0;0;0;0
Equateur;CD41;Basankusu;CD4107;Djombo;CD4107ZS02;0;0;0;0
Equateur;CD41;Bolomba;CD4108;Bolomba;CD4108ZS01;0;0;0;0
Equateur;CD41;Bolomba;CD4108;Lolanga Mampoko;CD4108ZS02;0;0;0;0
Equateur;CD41;Bolomba;CD4108;Monieka;CD4108ZS03;0;0;0;0
Equateur;CD41;Ingende;CD4109;Ingende;CD4109ZS01;0;0;0;0
Equateur;CD41;Ingende;CD4109;Lotumbe;CD4109ZS02;0;0;0;0
Sud-Ubangi;CD42;Gemena;CD4202;Bogosenubia;CD4202ZS01;0;0;0;0
Sud-Ubangi;CD42;Gemena;CD4202;Bominenge;CD4202ZS02;0;0;0;0
Sud-Ubangi;CD42;Gemena;CD4202;Bwamanda;CD4202ZS03;0;0;0;0
Sud-Ubangi;CD42;Gemena;CD4202;Gemena;CD4202ZS04;0;0;0;0
Sud-Ubangi;CD42;Gemena;CD4202;Tandala;CD4202ZS05;0;0;0;0
Sud-Ubangi;CD42;Budjala;CD4203;Bangabola;CD4203ZS01;0;0;0;0
Sud-Ubangi;CD42;Budjala;CD4203;Budjala;CD4203ZS02;0;0;0;0
Sud-Ubangi;CD42;Budjala;CD4203;Bulu;CD4203ZS03;0;0;0;0
Sud-Ubangi;CD42;Budjala;CD4203;Mbaya;CD4203ZS04;0;0;0;0
Sud-Ubangi;CD42;Budjala;CD4203;Ndage;CD4203ZS05;0;0;0;0
Sud-Ubangi;CD42;Kungu;CD4204;Bokonzi;CD4204ZS01;0;0;0;0
Sud-Ubangi;CD42;Kungu;CD4204;Boto;CD4204ZS02;0;0;0;0
Sud-Ubangi;CD42;Kungu;CD4204;Kungu;CD4204ZS03;0;0;0;0
Sud-Ubangi;CD42;Libenge;CD4205;Libenge;CD4205ZS01;0;0;0;0
Sud-Ubangi;CD42;Libenge;CD4205;Mawuya;CD4205ZS02;0;0;0;0
Sud-Ubangi;CD42;Zongo;CD4206;Zongo;CD4206ZS01;0;0;0;0
Nord-Ubangi;CD43;Gbadolite;CD4301;Gbadolite;CD4301ZS01;0;0;0;0
Nord-Ubangi;CD43;Mobayi-Mbongo;CD4302;Mobayi Mbongo;CD4302ZS01;0;0;0;0
Nord-Ubangi;CD43;Yakoma;CD4304;Abuzi;CD4304ZS01;0;0;0;0
Nord-Ubangi;CD43;Yakoma;CD4304;Wapinda;CD4304ZS02;0;0;0;0
Nord-Ubangi;CD43;Yakoma;CD4304;Wasolo;CD4304ZS03;0;0;0;0
Nord-Ubangi;CD43;Yakoma;CD4304;Yakoma;CD4304ZS04;0;0;0;0
Nord-Ubangi;CD43;Businga;CD4305;Businga;CD4305ZS01;0;0;0;0
Nord-Ubangi;CD43;Businga;CD4305;Karawa;CD4305ZS02;0;0;0;0
Nord-Ubangi;CD43;Businga;CD4305;Loko;CD4305ZS03;0;0;0;0
Nord-Ubangi;CD43;Bosobolo;CD4306;Bili;CD4306ZS01;0;0;0;0
Nord-Ubangi;CD43;Bosobolo;CD4306;Bosobolo;CD4306ZS02;0;0;0;0
Mongala;CD44;Lisala;CD4402;Binga;CD4402ZS01;0;0;0;0
Mongala;CD44;Lisala;CD4402;Boso Manzi;CD4402ZS02;0;0;0;0
Mongala;CD44;Lisala;CD4402;Lisala;CD4402ZS03;0;0;0;0
Mongala;CD44;Bumba;CD4404;Bumba;CD4404ZS01;0;0;0;0
Mongala;CD44;Bumba;CD4404;Lolo;CD4404ZS02;0;0;0;0
Mongala;CD44;Bumba;CD4404;Yamaluka;CD4404ZS03;0;0;0;0
Mongala;CD44;Bumba;CD4404;Yambuku;CD4404ZS04;0;0;0;0
Mongala;CD44;Bumba;CD4404;Yamongili;CD4404ZS05;0;0;0;0
Mongala;CD44;Bongandanga;CD4405;Bongandanga;CD4405ZS01;0;0;0;0
Mongala;CD44;Bongandanga;CD4405;Boso Mondanda;CD4405ZS02;0;0;0;0
Mongala;CD44;Bongandanga;CD4405;Bosondjo;CD4405ZS03;0;0;0;0
Mongala;CD44;Bongandanga;CD4405;Pimu;CD4405ZS04;0;0;0;0
Tshuapa;CD45;Boende;CD4502;Boende;CD4502ZS01;0;0;0;0
Tshuapa;CD45;Boende;CD4502;Wema;CD4502ZS02;0;0;0;0
Tshuapa;CD45;Befale;CD4503;Befale;CD4503ZS01;0;0;0;0
Tshuapa;CD45;Befale;CD4503;Mompono;CD4503ZS02;0;0;0;0
Tshuapa;CD45;Djolu;CD4504;Djolu;CD4504ZS01;0;0;0;0
Tshuapa;CD45;Djolu;CD4504;Lingomo;CD4504ZS02;0;0;0;0
Tshuapa;CD45;Ikela;CD4505;Ikela;CD4505ZS01;0;0;0;0
Tshuapa;CD45;Ikela;CD4505;Mondombe;CD4505ZS02;0;0;0;0
Tshuapa;CD45;Bokungu;CD4506;Bokungu;CD4506ZS01;0;0;0;0
Tshuapa;CD45;Bokungu;CD4506;Bosanga;CD4506ZS02;0;0;0;0
Tshuapa;CD45;Bokungu;CD4506;Yalifafo;CD4506ZS03;0;0;0;0
Tshuapa;CD45;Monkoto;CD4507;Monkoto;CD4507ZS01;0;0;0;0
Tshopo;CD51;Kisangani;CD5101;Kabondo;CD5101ZS01;0;0;0;0
Tshopo;CD51;Kisangani;CD5101;Lubunga;CD5101ZS02;0;0;0;0
Tshopo;CD51;Kisangani;CD5101;Makiso-Kisangani;CD5101ZS03;0;0;0;0
Tshopo;CD51;Kisangani;CD5101;Mangobo;CD5101ZS04;0;0;0;0
Tshopo;CD51;Kisangani;CD5101;Tshopo;CD5101ZS05;0;0;0;0
Tshopo;CD51;Ubundu;CD5102;Lowa;CD5102ZS01;0;0;0;0
Tshopo;CD51;Ubundu;CD5102;Ubundu;CD5102ZS02;0;0;0;0
Tshopo;CD51;Ubundu;CD5102;Wanierukula;CD5102ZS03;0;0;0;0
Tshopo;CD51;Opala;CD5103;Opala;CD5103ZS01;0;0;0;0
Tshopo;CD51;Opala;CD5103;Yaleko;CD5103ZS02;0;0;0;0
Tshopo;CD51;Isangi;CD5105;Isangi;CD5105ZS01;0;0;0;0
Tshopo;CD51;Isangi;CD5105;Yabaondo;CD5105ZS02;0;0;0;0
Tshopo;CD51;Isangi;CD5105;Yahisuli;CD5105ZS03;0;0;0;0
Tshopo;CD51;Isangi;CD5105;Yakusu;CD5105ZS04;0;0;0;0
Tshopo;CD51;Yahuma;CD5107;Yahuma;CD5107ZS01;0;0;0;0
Tshopo;CD51;Basoko;CD5109;Basali;CD5109ZS01;0;0;0;0
Tshopo;CD51;Basoko;CD5109;Basoko;CD5109ZS02;0;0;0;0
Tshopo;CD51;Basoko;CD5109;Yalimbongo;CD5109ZS03;0;0;0;0
Tshopo;CD51;Banalia;CD5110;Banalia;CD5110ZS01;0;0;0;0
Tshopo;CD51;Banalia;CD5110;Bengamisa;CD5110ZS02;0;0;0;0
Tshopo;CD51;Bafwasende;CD5111;Bafwagbogbo;CD5111ZS01;0;0;0;0
Tshopo;CD51;Bafwasende;CD5111;Bafwasende;CD5111ZS02;25508;7242;25508;7242
Tshopo;CD51;Bafwasende;CD5111;Opienge;CD5111ZS03;0;0;0;0
Bas-Uele;CD52;Buta;CD5202;Buta;CD5202ZS01;0;0;0;0
Bas-Uele;CD52;Buta;CD5202;Titule;CD5202ZS02;0;0;0;0
Bas-Uele;CD52;Aketi;CD5204;Aketi;CD5204ZS01;0;0;0;0
Bas-Uele;CD52;Aketi;CD5204;Likati;CD5204ZS02;0;0;0;0
Bas-Uele;CD52;Bondo;CD5206;Bili;CD5206ZS01;0;0;0;0
Bas-Uele;CD52;Bondo;CD5206;Bondo;CD5206ZS02;0;0;0;0
Bas-Uele;CD52;Bondo;CD5206;Monga;CD5206ZS03;0;0;0;0
Bas-Uele;CD52;Ango;CD5207;Ango;CD5207ZS01;0;0;0;0
Bas-Uele;CD52;Poko;CD5208;Poko;CD5208ZS01;0;0;0;0
Bas-Uele;CD52;Poko;CD5208;Viadana;CD5208ZS02;0;0;0;0
Bas-Uele;CD52;Bambesa;CD5209;Ganga;CD5209ZS01;0;0;0;0
Haut-Uele;CD53;Rungu;CD5302;Isiro;CD5302ZS01;0;0;0;0
Haut-Uele;CD53;Rungu;CD5302;Rungu;CD5302ZS02;0;0;0;0
Haut-Uele;CD53;Niangara;CD5303;Niangara;CD5303ZS01;0;0;0;0
Haut-Uele;CD53;Dungu;CD5305;Doruma;CD5305ZS01;0;0;0;0
Haut-Uele;CD53;Dungu;CD5305;Dungu;CD5305ZS02;0;0;0;0
Haut-Uele;CD53;Faradje;CD5307;Aba;CD5307ZS01;0;0;0;0
Haut-Uele;CD53;Faradje;CD5307;Faradje;CD5307ZS02;0;0;0;0
Haut-Uele;CD53;Faradje;CD5307;Makoro;CD5307ZS03;0;0;0;0
Haut-Uele;CD53;Watsa;CD5309;Gombari;CD5309ZS01;0;0;0;0
Haut-Uele;CD53;Watsa;CD5309;Watsa;CD5309ZS02;0;0;0;0
Haut-Uele;CD53;Wamba;CD5311;Boma-Mangbetu;CD5311ZS01;0;0;0;0
Haut-Uele;CD53;Wamba;CD5311;Pawa;CD5311ZS02;0;0;0;0
Haut-Uele;CD53;Wamba;CD5311;Wamba;CD5311ZS03;0;0;0;0
Ituri;CD54;Irumu;CD5402;Boga;CD5402ZS01;0;0;0;0
Ituri;CD54;Irumu;CD5402;Bunia;CD5402ZS02;0;0;86812;20339
Ituri;CD54;Irumu;CD5402;Gethy;CD5402ZS03;0;0;0;0
Ituri;CD54;Irumu;CD5402;Komanda;CD5402ZS04;0;0;0;0
Ituri;CD54;Irumu;CD5402;Nyakunde;CD5402ZS05;0;0;0;0
Ituri;CD54;Irumu;CD5402;Rwampara;CD5402ZS06;0;0;0;0
Ituri;CD54;Mambasa;CD5403;Lolwa;CD5403ZS01;0;0;0;0
Ituri;CD54;Mambasa;CD5403;Mambasa;CD5403ZS02;0;0;0;0
Ituri;CD54;Mambasa;CD5403;Mandima;CD5403ZS03;0;0;0;0
Ituri;CD54;Mambasa;CD5403;Nia-Nia;CD5403ZS04;0;0;0;0
Ituri;CD54;Djugu;CD5405;Bambu;CD5405ZS01;0;0;0;0
Ituri;CD54;Djugu;CD5405;Damas;CD5405ZS02;0;0;0;0
Ituri;CD54;Djugu;CD5405;Drodro;CD5405ZS03;78436;52534;78436;52534
Ituri;CD54;Djugu;CD5405;Fataki;CD5405ZS04;50445;22274;50445;22274
Ituri;CD54;Djugu;CD5405;Jiba;CD5405ZS05;0;0;0;0
Ituri;CD54;Djugu;CD5405;Kilo;CD5405ZS06;0;0;0;0
Ituri;CD54;Djugu;CD5405;Linga;CD5405ZS07;47762;13920;47762;13920
Ituri;CD54;Djugu;CD5405;Lita;CD5405ZS08;45862;15622;45862;15622
Ituri;CD54;Djugu;CD5405;Mangala;CD5405ZS09;0;0;0;0
Ituri;CD54;Djugu;CD5405;Mongbalu;CD5405ZS10;0;0;0;0
Ituri;CD54;Djugu;CD5405;Nizi;CD5405ZS11;49135;15349;49135;15349
Ituri;CD54;Djugu;CD5405;Rethy;CD5405ZS12;64332;17074;64332;17074
Ituri;CD54;Djugu;CD5405;Tchomia;CD5405ZS13;35388;9200;35388;9200
Ituri;CD54;Mahagi;CD5407;Angumu;CD5407ZS01;113357;99113;113357;99113
Ituri;CD54;Mahagi;CD5407;Aungba;CD5407ZS02;0;0;0;0
Ituri;CD54;Mahagi;CD5407;Kambala;CD5407ZS03;0;0;0;0
Ituri;CD54;Mahagi;CD5407;Logo;CD5407ZS04;0;0;0;0
Ituri;CD54;Mahagi;CD5407;Mahagi;CD5407ZS05;0;0;0;0
Ituri;CD54;Mahagi;CD5407;Nyarambe;CD5407ZS06;0;0;0;0
Ituri;CD54;Mahagi;CD5407;Rimba;CD5407ZS07;0;0;0;0
Ituri;CD54;Aru;CD5409;Adi;CD5409ZS01;0;0;0;0
Ituri;CD54;Aru;CD5409;Adja;CD5409ZS02;0;0;0;0
Ituri;CD54;Aru;CD5409;Ariwara;CD5409ZS03;0;0;0;0
Ituri;CD54;Aru;CD5409;Aru;CD5409ZS04;0;0;0;0
Ituri;CD54;Aru;CD5409;Biringi;CD5409ZS05;0;0;0;0
Ituri;CD54;Aru;CD5409;Laybo;CD5409ZS06;0;0;0;0
Nord-Kivu;CD61;Goma;CD6101;Goma;CD6101ZS01;0;0;0;0
Nord-Kivu;CD61;Goma;CD6101;Karisimbi;CD6101ZS02;0;0;0;0
Nord-Kivu;CD61;Nyiragongo;CD6102;Nyiragongo;CD6102ZS01;0;0;0;0
Nord-Kivu;CD61;Masisi;CD6103;Katoyi;CD6103ZS01;0;0;202628;40461
Nord-Kivu;CD61;Masisi;CD6103;Kirotshe;CD6103ZS02;141109;30611;141109;30611
Nord-Kivu;CD61;Masisi;CD6103;Masisi;CD6103ZS03;135567;34882;135567;34882
Nord-Kivu;CD61;Masisi;CD6103;Mweso;CD6103ZS04;130270;35069;130270;35069
Nord-Kivu;CD61;Walikale;CD6104;Itebero;CD6104ZS01;0;0;0;0
Nord-Kivu;CD61;Walikale;CD6104;Kibua;CD6104ZS02;0;0;32619;6622
Nord-Kivu;CD61;Walikale;CD6104;Pinga;CD6104ZS03;49975;14894;49975;14894
Nord-Kivu;CD61;Walikale;CD6104;Walikale;CD6104ZS04;0;0;0;0
Nord-Kivu;CD61;Lubero;CD6105;Alimbongo;CD6105ZS01;0;0;0;0
Nord-Kivu;CD61;Lubero;CD6105;Biena;CD6105ZS02;0;0;0;0
Nord-Kivu;CD61;Lubero;CD6105;Kayna;CD6105ZS03;0;0;112574;22920
Nord-Kivu;CD61;Lubero;CD6105;Lubero;CD6105ZS04;0;0;0;0
Nord-Kivu;CD61;Lubero;CD6105;Manguredjipa;CD6105ZS05;0;0;0;0
Nord-Kivu;CD61;Lubero;CD6105;Masereka;CD6105ZS06;0;0;0;0
Nord-Kivu;CD61;Lubero;CD6105;Musienene;CD6105ZS07;0;0;0;0
Nord-Kivu;CD61;Oïcha;CD6107;Kalunguta;CD6107ZS01;64200;13852;64200;13852
Nord-Kivu;CD61;Oïcha;CD6107;Kamango;CD6107ZS02;78316;78820;78316;78820
Nord-Kivu;CD61;Oïcha;CD6107;Kyondo;CD6107ZS03;0;0;69095;14515
Nord-Kivu;CD61;Oïcha;CD6107;Mabalako;CD6107ZS04;64867;22582;64867;22582
Nord-Kivu;CD61;Oïcha;CD6107;Mutwanga;CD6107ZS05;82001;24755;82001;24755
Nord-Kivu;CD61;Oïcha;CD6107;Oicha;CD6107ZS06;108775;25470;108775;25470
Nord-Kivu;CD61;Oïcha;CD6107;Vuhovi;CD6107ZS07;39132;8563;39132;8563
Nord-Kivu;CD61;Beni;CD6109;Beni;CD6109ZS01;123560;28362;123560;28362
Nord-Kivu;CD61;Butembo;CD6110;Butembo;CD6110ZS01;0;0;0;0
Nord-Kivu;CD61;Butembo;CD6110;Katwa;CD6110ZS02;0;0;0;0
Nord-Kivu;CD61;Rutshuru;CD6111;Bambo;CD6111ZS01;58223;23151;58223;23151
Nord-Kivu;CD61;Rutshuru;CD6111;Binza;CD6111ZS02;0;0;0;0
Nord-Kivu;CD61;Rutshuru;CD6111;Birambizo;CD6111ZS03;141059;54214;141059;54214
Nord-Kivu;CD61;Rutshuru;CD6111;Kibirizi;CD6111ZS04;152311;78251;152311;78251
Nord-Kivu;CD61;Rutshuru;CD6111;Rutshuru;CD6111ZS05;0;0;91169;18781
Nord-Kivu;CD61;Rutshuru;CD6111;Rwanguba;CD6111ZS06;0;0;83423;16929
Sud-Kivu;CD62;Bukavu;CD6201;Bagira;CD6201ZS01;0;0;0;0
Sud-Kivu;CD62;Bukavu;CD6201;Ibanda;CD6201ZS02;0;0;0;0
Sud-Kivu;CD62;Bukavu;CD6201;Kadutu;CD6201ZS03;0;0;0;0
Sud-Kivu;CD62;Kabare;CD6202;Kabare;CD6202ZS01;0;0;69004;14303
Sud-Kivu;CD62;Kabare;CD6202;Kaniola;CD6202ZS02;0;0;0;0
Sud-Kivu;CD62;Kabare;CD6202;Katana;CD6202ZS03;0;0;0;0
Sud-Kivu;CD62;Kabare;CD6202;Miti-Murhesa;CD6202ZS04;0;0;0;0
Sud-Kivu;CD62;Kabare;CD6202;Nyantende;CD6202ZS05;0;0;0;0
Sud-Kivu;CD62;Shabunda;CD6203;Kalole;CD6203ZS01;39710;10624;39710;10624
Sud-Kivu;CD62;Shabunda;CD6203;Lulingu;CD6203ZS02;0;0;0;0
Sud-Kivu;CD62;Shabunda;CD6203;Mulungu;CD6203ZS03;0;0;48977;11048
Sud-Kivu;CD62;Shabunda;CD6203;Shabunda;CD6203ZS04;0;0;0;0
Sud-Kivu;CD62;Kalehe;CD6205;Bunyakiri;CD6205ZS01;98191;60509;98191;60509
Sud-Kivu;CD62;Kalehe;CD6205;Kalehe;CD6205ZS02;0;0;0;0
Sud-Kivu;CD62;Kalehe;CD6205;Kalonge;CD6205ZS03;51827;14932;51827;14932
Sud-Kivu;CD62;Kalehe;CD6205;Minova;CD6205ZS04;0;0;0;0
Sud-Kivu;CD62;Idjwi;CD6206;Idjwi;CD6206ZS01;0;0;0;0
Sud-Kivu;CD62;Walungu;CD6207;Kaziba;CD6207ZS01;0;0;0;0
Sud-Kivu;CD62;Walungu;CD6207;Mubumbano;CD6207ZS02;0;0;59130;13412
Sud-Kivu;CD62;Walungu;CD6207;Nyangezi;CD6207ZS03;0;0;0;0
Sud-Kivu;CD62;Walungu;CD6207;Walungu;CD6207ZS04;0;0;0;0
Sud-Kivu;CD62;Uvira;CD6208;Hauts-Plateaux;CD6208ZS01;0;0;0;0
Sud-Kivu;CD62;Uvira;CD6208;Lemera;CD6208ZS02;55586;17221;55586;17221
Sud-Kivu;CD62;Uvira;CD6208;Ruzizi;CD6208ZS03;0;0;0;0
Sud-Kivu;CD62;Uvira;CD6208;Uvira;CD6208ZS04;0;0;103401;23532
Sud-Kivu;CD62;Fizi;CD6210;Fizi;CD6210ZS01;136919;73646;136919;73646
Sud-Kivu;CD62;Fizi;CD6210;Kimbi Lulenge;CD6210ZS02;0;0;0;0
Sud-Kivu;CD62;Fizi;CD6210;Minembwe;CD6210ZS03;58340;39839;58340;39839
Sud-Kivu;CD62;Fizi;CD6210;Nundu;CD6210ZS04;87891;49952;87891;49952
Sud-Kivu;CD62;Mwenga;CD6212;Itombwe;CD6212ZS01;88352;78255;88352;78255
Sud-Kivu;CD62;Mwenga;CD6212;Kamituga;CD6212ZS02;0;0;0;0
Sud-Kivu;CD62;Mwenga;CD6212;Kitutu;CD6212ZS03;0;0;0;0
Sud-Kivu;CD62;Mwenga;CD6212;Mwana;CD6212ZS04;0;0;0;0
Sud-Kivu;CD62;Mwenga;CD6212;Mwenga;CD6212ZS05;0;0;0;0
Maniema;CD63;Kindu;CD6301;Alunguli;CD6301ZS01;0;0;0;0
Maniema;CD63;Kindu;CD6301;Kindu;CD6301ZS02;0;0;0;0
Maniema;CD63;Kailo;CD6302;Kailo;CD6302ZS01;0;0;0;0
Maniema;CD63;Punia;CD6303;Ferekeni;CD6303ZS01;24431;9492;24431;9492
Maniema;CD63;Punia;CD6303;Punia;CD6303ZS02;35378;12175;35378;12175
Maniema;CD63;Lubutu;CD6305;Lubutu;CD6305ZS01;39741;11745;39741;11745
Maniema;CD63;Lubutu;CD6305;Obokote;CD6305ZS02;26753;7591;26753;7591
Maniema;CD63;Pangi;CD6307;Kalima;CD6307ZS01;0;0;0;0
Maniema;CD63;Pangi;CD6307;Kampene;CD6307ZS02;0;0;0;0
Maniema;CD63;Pangi;CD6307;Pangi;CD6307ZS03;0;0;0;0
Maniema;CD63;Kabambare;CD6309;Kabambare;CD6309ZS01;0;0;0;0
Maniema;CD63;Kabambare;CD6309;Lusangi;CD6309ZS02;0;0;0;0
Maniema;CD63;Kabambare;CD6309;Saramabila;CD6309ZS03;0;0;0;0
Maniema;CD63;Kasongo;CD6311;Kasongo;CD6311ZS01;0;0;0;0
Maniema;CD63;Kasongo;CD6311;Kunda;CD6311ZS02;0;0;0;0
Maniema;CD63;Kasongo;CD6311;Samba;CD6311ZS03;0;0;0;0
Maniema;CD63;Kibombo;CD6313;Kibombo;CD6313ZS01;0;0;0;0
Maniema;CD63;Kibombo;CD6313;Tunda;CD6313ZS02;0;0;0;0
Haut-Katanga;CD71;Lubumbashi;CD7101;Kamalondo;CD7101ZS01;0;0;0;0
Haut-Katanga;CD71;Lubumbashi;CD7101;Kampemba;CD7101ZS02;0;0;0;0
Haut-Katanga;CD71;Lubumbashi;CD7101;Katuba;CD7101ZS03;0;0;0;0
Haut-Katanga;CD71;Lubumbashi;CD7101;Kenya;CD7101ZS04;0;0;0;0
Haut-Katanga;CD71;Lubumbashi;CD7101;Kisanga;CD7101ZS05;0;0;0;0
Haut-Katanga;CD71;Lubumbashi;CD7101;Kowe;CD7101ZS06;0;0;0;0
Haut-Katanga;CD71;Lubumbashi;CD7101;Lubumbashi;CD7101ZS07;0;0;0;0
Haut-Katanga;CD71;Lubumbashi;CD7101;Mumbunda;CD7101ZS08;0;0;0;0
Haut-Katanga;CD71;Lubumbashi;CD7101;Rwashi;CD7101ZS09;0;0;0;0
Haut-Katanga;CD71;Lubumbashi;CD7101;Tshamilemba;CD7101ZS10;0;0;0;0
Haut-Katanga;CD71;Lubumbashi;CD7101;Vangu;CD7101ZS11;0;0;0;0
Haut-Katanga;CD71;Kipushi;CD7102;Kafubu;CD7102ZS01;0;0;0;0
Haut-Katanga;CD71;Kipushi;CD7102;Kipushi;CD7102ZS02;0;0;0;0
Haut-Katanga;CD71;Sakania;CD7104;Sakania;CD7104ZS01;0;0;0;0
Haut-Katanga;CD71;Kambove;CD7105;Kambove;CD7105ZS01;0;0;0;0
Haut-Katanga;CD71;Kambove;CD7105;Kapolowe;CD7105ZS02;0;0;0;0
Haut-Katanga;CD71;Kambove;CD7105;Kilela Balanda;CD7105ZS03;0;0;0;0
Haut-Katanga;CD71;Kambove;CD7105;Manika;CD7105ZS04;0;0;0;0
Haut-Katanga;CD71;Kambove;CD7105;Panda;CD7105ZS05;0;0;0;0
Haut-Katanga;CD71;Likasi;CD7106;Likasi;CD7106ZS01;0;0;0;0
Haut-Katanga;CD71;Kasenga;CD7107;Kasenga;CD7107ZS01;0;0;0;0
Haut-Katanga;CD71;Kasenga;CD7107;Kikula;CD7107ZS02;0;0;0;0
Haut-Katanga;CD71;Kasenga;CD7107;Lukafu;CD7107ZS03;0;0;0;0
Haut-Katanga;CD71;Kasenga;CD7107;Kashobwe;CD7107ZS04;0;0;0;0
Haut-Katanga;CD71;Mitwaba;CD7108;Mitwaba;CD7108ZS01;0;0;0;0
Haut-Katanga;CD71;Mitwaba;CD7108;Mufunga Sampwe;CD7108ZS02;0;0;0;0
Haut-Katanga;CD71;Pweto;CD7109;Kilwa;CD7109ZS01;145284;55696;145284;55696
Haut-Katanga;CD71;Pweto;CD7109;Pweto;CD7109ZS02;103436;34918;103436;34918
Lualaba;CD72;Mutshatsha;CD7202;Dilala;CD7202ZS01;0;0;0;0
Lualaba;CD72;Mutshatsha;CD7202;Lualaba;CD7202ZS02;0;0;0;0
Lualaba;CD72;Mutshatsha;CD7202;Mutshatsha;CD7202ZS03;0;0;0;0
Lualaba;CD72;Lubudi;CD7203;Bunkeya;CD7203ZS01;0;0;0;0
Lualaba;CD72;Lubudi;CD7203;Fungurume;CD7203ZS02;0;0;0;0
Lualaba;CD72;Lubudi;CD7203;Kanzenze;CD7203ZS03;0;0;0;0
Lualaba;CD72;Lubudi;CD7203;Lubudi;CD7203ZS04;0;0;0;0
Lualaba;CD72;Dilolo;CD7205;Dilolo;CD7205ZS01;10299;8447;10299;8447
Lualaba;CD72;Dilolo;CD7205;Kasaji;CD7205ZS02;0;0;0;0
Lualaba;CD72;Sandoa;CD7206;Kafakumba;CD7206ZS01;0;0;0;0
Lualaba;CD72;Sandoa;CD7206;Sandoa;CD7206ZS02;0;0;0;0
Lualaba;CD72;Kapanga;CD7207;Kalamba;CD7207ZS01;0;0;0;0
Lualaba;CD72;Kapanga;CD7207;Kapanga;CD7207ZS02;49480;12792;49480;12792
Haut-Lomami;CD73;Kamina;CD7302;Baka;CD7302ZS01;0;0;0;0
Haut-Lomami;CD73;Kamina;CD7302;Kamina;CD7302ZS02;0;0;0;0
Haut-Lomami;CD73;Kamina;CD7302;Kinda;CD7302ZS03;0;0;0;0
Haut-Lomami;CD73;Kamina;CD7302;Songa;CD7302ZS04;0;0;0;0
Haut-Lomami;CD73;Kaniama;CD7303;Kaniama;CD7303ZS01;0;0;0;0
Haut-Lomami;CD73;Kabongo;CD7304;Kabongo;CD7304ZS01;0;0;0;0
Haut-Lomami;CD73;Kabongo;CD7304;Kayamba;CD7304ZS02;0;0;0;0
Haut-Lomami;CD73;Kabongo;CD7304;Kitenge;CD7304ZS03;0;0;0;0
Haut-Lomami;CD73;Malemba-Nkulu;CD7305;Kinkondja;CD7305ZS01;0;0;0;0
Haut-Lomami;CD73;Malemba-Nkulu;CD7305;Lwamba;CD7305ZS02;0;0;0;0
Haut-Lomami;CD73;Malemba-Nkulu;CD7305;Mukanga;CD7305ZS03;0;0;0;0
Haut-Lomami;CD73;Malemba-Nkulu;CD7305;Mulongo;CD7305ZS04;0;0;0;0
Haut-Lomami;CD73;Bukama;CD7306;Bukama;CD7306ZS01;0;0;0;0
Haut-Lomami;CD73;Bukama;CD7306;Butumba;CD7306ZS02;0;0;0;0
Haut-Lomami;CD73;Bukama;CD7306;Kabondo Dianda;CD7306ZS03;0;0;0;0
Haut-Lomami;CD73;Bukama;CD7306;Malemba;CD7306ZS04;0;0;0;0
Tanganyika;CD74;Kalemie;CD7402;Kalemie;CD7402ZS01;138046;57755;138046;57755
Tanganyika;CD74;Kalemie;CD7402;Nyemba;CD7402ZS02;102828;21586;102828;21586
Tanganyika;CD74;Moba;CD7404;Kansimba;CD7404ZS01;54220;12630;54220;12630
Tanganyika;CD74;Moba;CD7404;Moba;CD7404ZS02;0;0;103962;20844
Tanganyika;CD74;Manono;CD7406;Ankoro;CD7406ZS01;0;0;0;0
Tanganyika;CD74;Manono;CD7406;Kiyambi;CD7406ZS02;61236;18300;61236;18300
Tanganyika;CD74;Manono;CD7406;Manono;CD7406ZS03;103192;29748;103192;29748
Tanganyika;CD74;Kabalo;CD7407;Kabalo;CD7407ZS01;84339;20702;84339;20702
Tanganyika;CD74;Kongolo;CD7409;Kongolo;CD7409ZS01;0;0;0;0
Tanganyika;CD74;Kongolo;CD7409;Mbulula;CD7409ZS02;0;0;0;0
Tanganyika;CD74;Nyunzu;CD7410;Nyunzu;CD7410ZS01;84223;20218;84223;20218
Lomami;CD81;Kabinda;CD8102;Kabinda;CD8102ZS01;0;0;0;0
Lomami;CD81;Kabinda;CD8102;Kalonda Est;CD8102ZS02;0;0;0;0
Lomami;CD81;Kabinda;CD8102;Ludimbi Lukula;CD8102ZS03;0;0;0;0
Lomami;CD81;Mwene-Ditu;CD8103;Makota;CD8103ZS01;0;0;0;0
Lomami;CD81;Mwene-Ditu;CD8103;Mwene Ditu;CD8103ZS02;0;0;0;0
Lomami;CD81;Luilu;CD8104;Kalenda;CD8104ZS01;0;0;0;0
Lomami;CD81;Luilu;CD8104;Kanda Kanda;CD8104ZS02;0;0;0;0
Lomami;CD81;Luilu;CD8104;Luputa;CD8104ZS03;0;0;0;0
Lomami;CD81;Luilu;CD8104;Wikong;CD8104ZS04;0;0;0;0
Lomami;CD81;Kamiji;CD8105;Kamiji;CD8105ZS01;0;0;0;0
Lomami;CD81;Ngandajika;CD8106;Kalambayi Kabanga;CD8106ZS01;0;0;0;0
Lomami;CD81;Ngandajika;CD8106;Mulumba;CD8106ZS02;0;0;0;0
Lomami;CD81;Ngandajika;CD8106;Ngandajika;CD8106ZS03;0;0;0;0
Lomami;CD81;Lubao;CD8108;Kamana;CD8108ZS01;0;0;0;0
Lomami;CD81;Lubao;CD8108;Lubao;CD8108ZS02;0;0;0;0
Lomami;CD81;Lubao;CD8108;Tshofa;CD8108ZS03;0;0;0;0
Kasaï-Oriental;CD82;Mbuji-Mayi;CD8201;Bipemba;CD8201ZS01;0;0;0;0
Kasaï-Oriental;CD82;Mbuji-Mayi;CD8201;Bonzola;CD8201ZS02;0;0;0;0
Kasaï-Oriental;CD82;Mbuji-Mayi;CD8201;Dibindi;CD8201ZS03;0;0;0;0
Kasaï-Oriental;CD82;Mbuji-Mayi;CD8201;Diulu;CD8201ZS04;0;0;0;0
Kasaï-Oriental;CD82;Mbuji-Mayi;CD8201;Kansele;CD8201ZS05;0;0;0;0
Kasaï-Oriental;CD82;Mbuji-Mayi;CD8201;Lubilanji;CD8201ZS06;0;0;0;0
Kasaï-Oriental;CD82;Mbuji-Mayi;CD8201;Lukelenge;CD8201ZS07;0;0;0;0
Kasaï-Oriental;CD82;Mbuji-Mayi;CD8201;Mpokolo;CD8201ZS08;0;0;0;0
Kasaï-Oriental;CD82;Mbuji-Mayi;CD8201;Muya;CD8201ZS09;0;0;0;0
Kasaï-Oriental;CD82;Mbuji-Mayi;CD8201;Nzaba;CD8201ZS10;0;0;0;0
Kasaï-Oriental;CD82;Tshilenge;CD8202;Kasansa;CD8202ZS01;0;0;0;0
Kasaï-Oriental;CD82;Tshilenge;CD8202;Tshilenge;CD8202ZS02;0;0;0;0
Kasaï-Oriental;CD82;Miabi;CD8205;Cilundu;CD8205ZS01;0;0;0;0
Kasaï-Oriental;CD82;Miabi;CD8205;Miabi;CD8205ZS02;0;0;0;0
Kasaï-Oriental;CD82;Kabeya-Kamwanga;CD8207;Kabeya Kamuanga;CD8207ZS01;0;0;0;0
Kasaï-Oriental;CD82;Lupatapata;CD8208;Mukumbi;CD8208ZS01;0;0;0;0
Kasaï-Oriental;CD82;Lupatapata;CD8208;Tshishimbi;CD8208ZS02;0;0;0;0
Kasaï-Oriental;CD82;Katanda;CD8209;Bibanga;CD8209ZS01;0;0;0;0
Kasaï-Oriental;CD82;Katanda;CD8209;Tshitenge;CD8209ZS02;0;0;0;0
Sankuru;CD83;Lusambo;CD8302;Lusambo;CD8302ZS01;0;0;0;0
Sankuru;CD83;Lusambo;CD8302;Ototo;CD8302ZS02;0;0;0;0
Sankuru;CD83;Lusambo;CD8302;Pania Mutombo;CD8302ZS03;0;0;0;0
Sankuru;CD83;Lodja;CD8303;Lodja;CD8303ZS01;0;0;0;0
Sankuru;CD83;Lodja;CD8303;Omendjadi;CD8303ZS02;0;0;0;0
Sankuru;CD83;Lodja;CD8303;Vanga Kete;CD8303ZS03;0;0;0;0
Sankuru;CD83;Kole;CD8306;Bena Dibele;CD8306ZS01;0;0;0;0
Sankuru;CD83;Kole;CD8306;Kole;CD8306ZS02;0;0;0;0
Sankuru;CD83;Lomela;CD8307;Lomela;CD8307ZS01;0;0;0;0
Sankuru;CD83;Lomela;CD8307;Tshudi Loto;CD8307ZS02;0;0;0;0
Sankuru;CD83;Katako Kombe;CD8308;Djalo Djeka;CD8308ZS01;0;0;0;0
Sankuru;CD83;Katako Kombe;CD8308;Katako Kombe;CD8308ZS02;0;0;0;0
Sankuru;CD83;Katako Kombe;CD8308;Wembo Nyama;CD8308ZS03;0;0;0;0
Sankuru;CD83;Lubefu;CD8309;Dikungu;CD8309ZS01;0;0;0;0
Sankuru;CD83;Lubefu;CD8309;Minga;CD8309ZS02;0;0;0;0
Sankuru;CD83;Lubefu;CD8309;Tshumbe;CD8309ZS03;0;0;0;0
Kasaï-Central;CD91;Kananga;CD9101;Bobozo;CD9101ZS01;0;0;0;0
Kasaï-Central;CD91;Kananga;CD9101;Kananga;CD9101ZS02;0;0;0;0
Kasaï-Central;CD91;Kananga;CD9101;Katoka;CD9101ZS03;0;0;0;0
Kasaï-Central;CD91;Kananga;CD9101;Lukonga;CD9101ZS04;0;0;0;0
Kasaï-Central;CD91;Kananga;CD9101;Ndesha;CD9101ZS05;0;0;0;0
Kasaï-Central;CD91;Kananga;CD9101;Tshikaji;CD9101ZS06;0;0;0;0
Kasaï-Central;CD91;Dibaya;CD9102;Bunkonde;CD9102ZS01;0;0;0;0
Kasaï-Central;CD91;Dibaya;CD9102;Dibaya;CD9102ZS02;0;0;0;0
Kasaï-Central;CD91;Dibaya;CD9102;Lubondaie;CD9102ZS03;0;0;0;0
Kasaï-Central;CD91;Dibaya;CD9102;Tshikula;CD9102ZS04;0;0;0;0
Kasaï-Central;CD91;Luiza;CD9104;Luambo;CD9104ZS01;0;0;0;0
Kasaï-Central;CD91;Luiza;CD9104;Luiza;CD9104ZS02;0;0;0;0
Kasaï-Central;CD91;Luiza;CD9104;Masuika;CD9104ZS03;0;0;0;0
Kasaï-Central;CD91;Luiza;CD9104;Yangala;CD9104ZS04;0;0;0;0
Kasaï-Central;CD91;Kazumba;CD9105;Bilomba;CD9105ZS01;0;0;0;0
Kasaï-Central;CD91;Kazumba;CD9105;Kalomba;CD9105ZS02;0;0;0;0
Kasaï-Central;CD91;Kazumba;CD9105;Mikalayi;CD9105ZS03;0;0;0;0
Kasaï-Central;CD91;Kazumba;CD9105;Ndekesha;CD9105ZS04;0;0;0;0
Kasaï-Central;CD91;Kazumba;CD9105;Tshibala;CD9105ZS05;0;0;0;0
Kasaï-Central;CD91;Demba;CD9106;Bena Leka;CD9106ZS01;0;0;0;0
Kasaï-Central;CD91;Demba;CD9106;Demba;CD9106ZS02;0;0;0;0
Kasaï-Central;CD91;Demba;CD9106;Mutoto;CD9106ZS03;0;0;0;0
Kasaï-Central;CD91;Dimbelenge;CD9107;Bena Tshiadi;CD9107ZS01;0;0;0;0
Kasaï-Central;CD91;Dimbelenge;CD9107;Katende;CD9107ZS02;0;0;0;0
Kasaï-Central;CD91;Dimbelenge;CD9107;Lubunga;CD9107ZS03;0;0;0;0
Kasaï-Central;CD91;Dimbelenge;CD9107;Muetshi;CD9107ZS04;0;0;0;0
Kasaï;CD92;Kamonia;CD9202;Kalonda Ouest;CD9202ZS01;0;0;0;0
Kasaï;CD92;Kamonia;CD9202;Kamonia;CD9202ZS02;0;0;0;0
Kasaï;CD92;Kamonia;CD9202;Kamwesha;CD9202ZS03;0;0;0;0
Kasaï;CD92;Kamonia;CD9202;Kanzala;CD9202ZS04;0;0;0;0
Kasaï;CD92;Kamonia;CD9202;Kitangwa;CD9202ZS05;0;0;0;0
Kasaï;CD92;Kamonia;CD9202;Mutena;CD9202ZS06;0;0;0;0
Kasaï;CD92;Kamonia;CD9202;Nyanga;CD9202ZS07;0;0;0;0
Kasaï;CD92;Kamonia;CD9202;Tshikapa;CD9202ZS08;0;0;0;0
Kasaï;CD92;Luebo;CD9204;Luebo;CD9204ZS01;0;0;0;0
Kasaï;CD92;Luebo;CD9204;Ndjoko-Mpunda;CD9204ZS02;0;0;0;0
Kasaï;CD92;Ilebo;CD9205;Banga Lubaka;CD9205ZS01;0;0;0;0
Kasaï;CD92;Ilebo;CD9205;Ilebo;CD9205ZS02;0;0;0;0
Kasaï;CD92;Ilebo;CD9205;Mikope;CD9205ZS03;0;0;0;0
Kasaï;CD92;Mweka;CD9207;Bulape;CD9207ZS01;0;0;0;0
Kasaï;CD92;Mweka;CD9207;Kakenge;CD9207ZS02;0;0;0;0
Kasaï;CD92;Mweka;CD9207;Mushenge;CD9207ZS03;0;0;0;0
Kasaï;CD92;Mweka;CD9207;Mweka;CD9207ZS04;0;0;0;0
Kasaï;CD92;Dekese;CD9208;Dekese;CD9208ZS01;0;0;0;0
;;;;;;;;;
