today;Acteur_Organisation_de_mise_en_uvre;Type_organisation;Bailleurs_de_fonds;Si_le_bailleur_est_autres_specifiez;province;zonesante;airesante;Titre_du_projet;menages_projet;femmes_projet;hommes_projet;enfants_projet;adultes_projet;vieux_projet;calculation;montant;devise_projet;si_devise_projet_autre;Indicateurs;Indicateurs/assistance_en_;Indicateurs/assistance_en__1;Indicateurs/accompagnement;Indicateurs/assistance_ave;Indicateurs/assistance_en__2;Indicateurs/assistance_en__3;Indicateurs/assistance_en__4;Indicateurs/assistance_en__5;Indicateurs/construction_r;Indicateurs/int_gration_de;Indicateurs/appui_en_b_che;Statut;modalite;M_canisme_de_distribution_espece;M_canisme_de_distrib_oupon_march_ouvert;M_canisme_de_distribution_coupon_foire;Mecanisme_de_distribution_mix;Mecanisme_de_distribution_mix/nature;Mecanisme_de_distribution_mix/especes__direc;Mecanisme_de_distribution_mix/especes_agence_m;Mecanisme_de_distribution_mix/compte_bancair_m;Mecanisme_de_distribution_mix/cheque_m;Mecanisme_de_distribution_mix/carte_retrait_m;Mecanisme_de_distribution_mix/carte_prepayee_m;Mecanisme_de_distribution_mix/argent_mobile_m;Mecanisme_de_distribution_mix/coupon_papier;Mecanisme_de_distribution_mix/coupon_electro;Mecanisme_de_distribution_mix/autre;Type_de_transfert;Nom_du_fournisseur_d_services_financiers;Focal_point_pour_le_rapport;Email;T_l_phone;__version__;_id;_uuid;_submission_time;_validation_status;_index;type_de_b_n_ficiaires;type_de_b_n_ficiaires.d_plac_s_inter;type_de_b_n_ficiaires.retourn_s;type_de_b_n_ficiaires.relocalis_s;type_de_b_n_ficiaires.expuls_s;type_de_b_n_ficiaires.familles_d_acc;type_de_b_n_ficiaires.rapatri_s_spon;type_de_b_n_ficiaires.rapatri_s_orga;type_de_b_n_ficiaires.autochtones_vu;type_de_b_n_ficiaires.victimes_de_ca
09/09/2019;ACTED;ong_internatio;pooled_fund;;mai ndombe;yumbi;bongende;Réponse en abris en faveur des populations affectées par la crise dans la zone de santé de Yumbi;718;818;776;1224;3084;320;1594;730000;$US_projet;;assistance_en__1;0;1;0;0;0;0;0;0;0;0;0;planifi;;;;;;;;;;;;;;;;;;;Laschoni SOKI;kinshasa.reporting@acted.org;2,44E+11;vBi33PnLtfSLCFW7wLUgsr;6863005;f2d54080-421a-445e-8c22-ecca936387ba;2019-09-09T14:46:31;;1;;;;;;;;;;
13/06/2019;AIDES;ong_nationale;pooled_fund;;nord kivu;oicha;mabasele;Appui multisectoriel aux communautés vulnérables affectées par les conflits dans les villes de Beni et Oicha;350;1798;1745;2468;955;120;7086;822239;$US_projet;;assistance_en__1 accompagnement assistance_en__5 construction_r;0;1;1;0;0;0;0;1;1;0;0;planifi;;;;;;;;;;;;;;;;;;;Paulin KALENGA;"aidesgoma@yahoo.fr; kalenga.p@aidesong.org";994021215;vBi33PnLtfSLCFW7wLUgsr;6031910;d8eff45b-2fe7-4efa-8c95-c7200e971e63;2019-06-14T10:58:33;validation_status_approved;2;d_plac_s_inter;1;0;0;0;0;0;0;0;0
14/06/2019;AIDES;ong_nationale;pooled_fund;;nord kivu;oicha;tenambo;Appui multisectoriel aux communautés vulnérables affectées par les conflits dans les villes de Beni et Oicha;350;1798;1745;2468;955;120;7086;822239;$US_projet;;assistance_en__1 accompagnement assistance_en__5 construction_r;0;1;1;0;0;0;0;1;1;0;0;planifi;;;;;;;;;;;;;;;;;;;PAULIN KALENGA;"aidesgoma@yahoo.fr; kalenga.p@aidesong.org";994021215;vBi33PnLtfSLCFW7wLUgsr;6031945;38a80562-6c14-4aab-959b-6b26573d5786;2019-06-14T11:08:28;validation_status_approved;3;d_plac_s_inter retourn_s;1;1;0;0;0;0;0;0;0
14/06/2019;ORGANISATION INTERNATIONALE POUR LES MIGRATIONS;nations_unies;autres;SUEDE (SIDA);tanganyika;kalemie;nyemba;CCCM, direct life-saving and protection assistance for affected populations in displacement sites in Eastern DRC;1000;600;400;;;;1000;;;;assistance_en_ accompagnement assistance_en__2 construction_r appui_en_b_che;1;0;1;0;1;0;0;0;1;0;1;compl_t;nature;;;;;;;;;;;;;;;;;;WIVINE LAURE MWAMINI;wmwamini@iom.int;810148065;vBi33PnLtfSLCFW7wLUgsr;6031996;1722916e-a202-4334-b71a-c9eae7db6b0c;2019-06-14T11:21:44;;4;d_plac_s_inter;1;0;0;0;0;0;0;0;0
14/06/2019;ORGANISATION INTERNATIONALE POUR LES MIGRATIONS;nations_unies;autres;CANADA;tanganyika;kalemie;nyemba;Emergency Response to the displacement crises in Eastern DRC;1100;660;440;;;;1100;;;;assistance_en_ accompagnement assistance_en__2 construction_r appui_en_b_che;1;0;1;0;1;0;0;0;1;0;1;compl_t;nature;;;;;;;;;;;;;;;;;;Wivine Laure MWAMINI;wmwamini@iom.int;810148065;vBi33PnLtfSLCFW7wLUgsr;6032668;ae3fe647-f022-4bfc-8b48-6ecb742528a8;2019-06-14T13:00:20;;5;;;;;;;;;;
14/06/2019;ORGANISATION INTERNATIONALE POUR MIGRATIONS;nations_unies;usaid_ofda;;tanganyika;kalemie;nyemba;RAPID Fund for Eastern DRC;1500;;;;;;NaN;;;;assistance_en_ accompagnement appui_en_b_che;1;0;1;0;0;0;0;0;0;0;1;compl_t;nature;;;;;;;;;;;;;;;;;;Wivine Laure Mwamini;wmwamini@iom.int;810148065;vBi33PnLtfSLCFW7wLUgsr;6032839;0ab4c277-d460-49b7-b00a-2c0d00923c76;2019-06-14T13:22:13;;6;retourn_s;0;1;0;0;0;0;0;0;0
18/06/2019;AFRICAN INITIATIVES FOR RELIEF AND DEVELOPMENT (AIRD);ong_internatio;option_4;;tanganyika;kalemie;makala;CONSTRUCTION DE 600 ABRIS LOCAUX DANS LE TERRITOIRE DE TANGANYIKA;;;;;;;;;;;;;;;;;;;;;;;;;;;;;;;;;;;;;;;;;;NGOYI BUKASA LEON / Database reporting IT officer;leonngoyi@yahoo.fr;815822622;vBi33PnLtfSLCFW7wLUgsr;6079817;bafcc054-e62b-4137-8b16-5ac5fd440a9d;2019-06-19T12:12:57;;7;retourn_s;0;1;0;0;0;0;0;0;0
18/06/2019;OIM;nations_unies;option_2;;nord kivu;kirotshe;rubaya;Contribuer à la protection des déplacés affectés par la crise dans  la Province du Nord Kivu à travers le soutien au processus de relocalisation et l’accompagnement au retour vers leurs zones d’origine;;;;;;;;;;;;;;;;;;;;;;;;;;;;;;;;;;;;;;;;;;Delphin SHUMBUSHA;dshumbusha@iom.int;2,44E+11;vBi33PnLtfSLCFW7wLUgsr;6079869;da87c048-3906-4077-a8eb-1f53bfcff88b;2019-06-19T12:28:03;;8;d_plac_s_inter;1;0;0;0;0;0;0;0;0
20/06/2019;SOLIDARITES INTERNATIONAL;ong_internatio;pooled_fund;;tanganyika;nyemba;tundwa;Intervention en EHA et Abris pour répondre aux besoins multisectoriels générés par les conflits et déplacements dans les zones de retour de la zone de santé de Nyemba, Terriroire de Kalemie Province du Tanganyika;1682;1889;1742;6056;4036;405;14128;581000;$US_projet;;assistance_en__1 accompagnement construction_r;0;1;1;0;0;0;0;0;1;0;0;planifi;;;;;;;;;;;;;;;;;;;Jean-Claude MULENGEZI;kal.rp.eha.abri@solidarites-rdc.org;243 812 335 989;vBi33PnLtfSLCFW7wLUgsr;6089535;32f1b482-c69b-4df8-9018-050a878f523a;2019-06-20T09:39:47;;9;d_plac_s_inter;1;0;0;0;0;0;0;0;0
19/06/2019;OIM;nations_unies;option_2;;nord kivu;masisi;muheto;Contribuer à la protection des déplacés affectés par la crise dans  la Province du Nord Kivu à travers le soutien au processus de relocalisation et l’accompagnement au retour vers leurs zones d’origine;;;;;;;;;;;;;;;;;;;;;;;;;;;;;;;;;;;;;;;;;;Delphin SHUMBUSHA;dshumbusha@iom.int;2,44E+11;vBi33PnLtfSLCFW7wLUgsr;6093007;435df2b5-dc31-4606-83aa-0891c6f3fc89;2019-06-20T14:08:30;;10;d_plac_s_inter;1;0;0;0;0;0;0;0;0
19/06/2019;OIM;nations_unies;option_2;;nord kivu;kirotshe;murambi;Contribuer à la protection des déplacés affectés par la crise dans  la Province du Nord Kivu à travers le soutien au processus de relocalisation et l’accompagnement au retour vers leurs zones d’origine;;;;;;;;;;;;;;;;;;;;;;;;;;;;;;;;;;;;;;;;;;Delphin SHUMBUSHA;dshumbusha@iom.int;2,44E+11;vBi33PnLtfSLCFW7wLUgsr;6093008;e2d31cc8-1df7-4508-bd52-815a97f401b1;2019-06-20T14:08:37;;11;d_plac_s_inter;1;0;0;0;0;0;0;0;0
19/06/2019;OIM;nations_unies;usaid_ofda;;nord kivu;masisi;nyabiondo;Réponse d'Urgence aux Personnes Déplacées internes;;;;;;;;;;;;;;;;;;;;;;;;;;;;;;;;;;;;;;;;;;Delphin SHUMBUSHA;dshumbusha@iom.int;2,44E+11;vBi33PnLtfSLCFW7wLUgsr;6093009;98f3f1f6-a2f6-4d84-b9ec-744aa4e05810;2019-06-20T14:08:42;;12;d_plac_s_inter;1;0;0;0;0;0;0;0;0
19/06/2019;OIM;nations_unies;usaid_ofda;;nord kivu;bambo;kabizo;Reponse d'urgence pour la protection des personnes déplacés;;;;;;;;;;;;;;;;;;;;;;;;;;;;;;;;;;;;;;;;;;Delphin SHUMBUSHA;dshumbusha@iom.int;2,44E+11;vBi33PnLtfSLCFW7wLUgsr;6093012;adfd79d5-36cf-41ea-925f-6bde8163511e;2019-06-20T14:09:01;;13;d_plac_s_inter;1;0;0;0;0;0;0;0;0
19/06/2019;OIM;nations_unies;autres;CANADA;nord kivu;masisi;kitsule;Aide d'urgence pour la protection des personnes déplacées;;;;;;;;;;;;;;;;;;;;;;;;;;;;;;;;;;;;;;;;;;Delphin SHUMBUSHA;dshumbusha@iom.int;2,44E+11;vBi33PnLtfSLCFW7wLUgsr;6093013;20371287-ece5-4db3-9b8b-6726be4b8f81;2019-06-20T14:09:05;;14;d_plac_s_inter;1;0;0;0;0;0;0;0;0
20/06/2019;ADRA (Adventist Development and Relief Agency;ong_internatio;pooled_fund;;kasai;kamwesha;lunyeka;Appui multisectoriel à la résilience des populations vulnérables affectées par les conflits dans la zone de santé de Kamwesha''. (Consortium ADRA-PUI-AIDES).;500;250;250;;;;NaN;1498816;$US_projet;;assistance_en__1 construction_r;0;1;0;0;0;0;0;0;1;0;0;planifi;;;;;;;;;;;;;;;;;;;KAPALA Charles;charlesk@adradrcongo.org;820908090;vBi33PnLtfSLCFW7wLUgsr;6094106;12eead15-dbe0-4999-9f71-78997862689a;2019-06-20T14:24:01;;15;d_plac_s_inter;1;0;0;0;0;0;0;0;0
17/06/2019;Programe de Promotion des Soins de Santé (PPSSP;ong_nationale;autres;MInistère Allemand des Affaires Etrangères en partenariat avec DIAKONIE;ituri;lita;loga;Assistance Humanitaire Multisectoriel et Cash en Faveur des Populations Affectées par les conflits armés dans les Territoires de Djugu, Irumu et Béni, Province de l'Ituri et Nord - Kivu à l'Est de la République Démocratique du Congo;700;;;;;;NaN;;;;assistance_en_;1;0;0;0;0;0;0;0;0;0;0;compl_t;nature;;;;;;;;;;;;;;;;;;SUMBUSO BAHEMUKA, Chef d'Antenne;ppsspituri@yahoo.fr;813521091;vBi33PnLtfSLCFW7wLUgsr;6097888;061cd84c-67f8-469e-a74f-67741ec25ec1;2019-06-21T08:57:56;;16;d_plac_s_inter;1;0;0;0;0;0;0;0;0
20/06/2019;OIM;nations_unies;usaid_ofda;;ituri;nizi;heritage;Rapid Assistance Program for Internally Displaced: R.A.P.I.D Fund for Eastern DRC;454;796;566;;;;NaN;43130;;;assistance_en_;1;0;0;0;0;0;0;0;0;0;0;compl_t;nature;;;;;;;;;;;;;;;;;;Joseph TSHIBAMBA;jtshibamba@iom.int;2,44E+11;vBi33PnLtfSLCFW7wLUgsr;6098339;ea82156f-d589-4896-b261-58354a80c1f5;2019-06-21T11:16:14;;17;d_plac_s_inter;1;0;0;0;0;0;0;0;0
20/06/2019;OIM;nations_unies;usaid_ofda;;ituri;nizi;ndjanga;Rapid Assistance Program for Internally Displaced: R.A.P.I.D Fund for Eastern DRC;454;796;566;;;;NaN;;;;assistance_en_;1;0;0;0;0;0;0;0;0;0;0;compl_t;nature;;;;;;;;;;;;;;;;;;Joseph TSHIBAMBA;ttshibamba@iom.int;2,44E+11;vBi33PnLtfSLCFW7wLUgsr;6098340;4309f83b-2291-4215-953a-86c0428ecb5a;2019-06-21T11:16:19;;18;d_plac_s_inter;1;0;0;0;0;0;0;0;0
20/06/2019;OIM;nations_unies;usaid_ofda;;ituri;nizi;kambe;Rapid Assistance Program for Internally Displaced: R.A.P.I.D Fund for Eastern DRC;454;796;466;;;;NaN;;;;assistance_en_;1;0;0;0;0;0;0;0;0;0;0;compl_t;nature;;;;;;;;;;;;;;;;;;Joseph TSHIBAMBA;jtshibamba@iom.int;2,44E+11;vBi33PnLtfSLCFW7wLUgsr;6098342;da8d2fc7-5972-4e09-85de-c7975bd8b076;2019-06-21T11:16:24;;19;d_plac_s_inter;1;0;0;0;0;0;0;0;0
20/06/2019;OIM;nations_unies;usaid_ofda;;ituri;nizi;ce 39 iga bar;Rapid Assistance Program for Internally Displaced: R.A.P.I.D Fund for Eastern DRC;454;796;566;;;;NaN;43130;;;assistance_en_;1;0;0;0;0;0;0;0;0;0;0;compl_t;nature;;;;;;;;;;;;;;;;;;Joseph TSHIBAMBA;jtshibamba@iom.int;2,44E+11;vBi33PnLtfSLCFW7wLUgsr;6098343;dba88b37-a44f-41ca-93b0-6c45b48d546d;2019-06-21T11:16:30;;20;d_plac_s_inter;1;0;0;0;0;0;0;0;0
20/06/2019;OIM;nations_unies;usaid_ofda;;ituri;nizi;ce 39 iga bar;CCCM, direct life-saving and protection assistance for affected populations in displacement sites in East and West DRC;500;876;624;;;;NaN;47500;;;assistance_en_;1;0;0;0;0;0;0;0;0;0;0;compl_t;nature;;;;;;;;;;;;;;;;;;Joseph TSHIBAMBA;jtshibamba@iom.int;2,44E+11;vBi33PnLtfSLCFW7wLUgsr;6098344;a419f3df-7bba-4d7e-8b9b-11bff32f7c7a;2019-06-21T11:16:35;;21;d_plac_s_inter;1;0;0;0;0;0;0;0;0
21/06/2019;OIM;nations_unies;autres;SIDA;ituri;nizi;kambe;CCCM, direct life-saving and protection assistance for affected populations in displacement sites in Eastern DRC;500;724;515;;;;1239;45000;$US_projet;;assistance_en_;1;0;0;0;0;0;0;0;0;0;0;compl_t;nature;;;;;;;;;;;;;;;;;;Joseph TSHIBAMBA;jtshibamba@iom.int;2,44E+11;vBi33PnLtfSLCFW7wLUgsr;6098634;94a97a8a-8358-445f-a83b-dabf9a8fbcad;2019-06-21T12:53:06;;22;d_plac_s_inter;1;0;0;0;0;0;0;0;0
21/06/2019;OIM;nations_unies;autres;SIDA;ituri;nizi;ce 39 iga bar;CCCM, direct life-saving and protection assistance for affected populations in displacement sites in Eastern DRC;500;876;624;;;;1500;;$US_projet;;assistance_en_;1;0;0;0;0;0;0;0;0;0;0;compl_t;nature;;;;;;;;;;;;;;;;;;Joseph TSHIBAMBA;jtshibamba@iom.int;2,44E+11;vBi33PnLtfSLCFW7wLUgsr;6098635;749b729d-fc30-4b1e-a8ee-140e57db55bc;2019-06-21T12:53:11;;23;;;;;;;;;;
21/06/2019;OIM;nations_unies;autres;SIDA;ituri;nizi;ndjanga;CCCM, direct life-saving and protection assistance for affected populations in displacement sites in Eastern DRC;500;876;624;;;;1500;45000;$US_projet;;assistance_en_;1;0;0;0;0;0;0;0;0;0;0;compl_t;nature;;;;;;;;;;;;;;;;;;Joseph TSHIBAMBA;jtshibamba@iom.iint;2,44E+11;vBi33PnLtfSLCFW7wLUgsr;6098636;31e3cd86-91db-4817-a7f5-04673b033b91;2019-06-21T12:53:19;;24;;;;;;;;;;
21/06/2019;OIM;nations_unies;autres;SIDA;ituri;nizi;lopa;CCCM, direct life-saving and protection assistance for affected populations in displacement sites in Eastern DRC;500;876;624;;;;1500;45000;$US_projet;;assistance_en_;1;0;0;0;0;0;0;0;0;0;0;compl_t;nature;;;;;;;;;;;;;;;;;;Joseph TSHIBAMBA;jtshibamba@iom.int;2,44E+11;vBi33PnLtfSLCFW7wLUgsr;6098638;82aca3ea-d6da-4be5-b593-907e032b396a;2019-06-21T12:53:29;;25;d_plac_s_inter;1;0;0;0;0;0;0;0;0
25/06/2019;ACTED;ong_internatio;pooled_fund;;haut katanga;pweto;kasama;Assistance multisectorielle au profit des populations déplacées, retournées et hôtes affectées par les conflits dans le territoire de Pweto, Haut Katanga;900;2370;2278;2716;1750;182;4648;89612;$US_projet;;assistance_en_;1;0;0;0;0;0;0;0;0;0;0;compl_t;nature;;;;;;;;;;;;;;;;;;Laschoni SOKI;kinshasa.reporting@acted.org;2,44E+11;vBi33PnLtfSLCFW7wLUgsr;6167975;0d8363c3-8850-4065-8e2e-170be77abf6c;2019-06-26T15:07:02;;26;d_plac_s_inter;1;0;0;0;0;0;0;0;0
26/06/2019;ACTED;ong_internatio;pooled_fund;;haut katanga;pweto;santé;Appui au renforcement des capacités de résilience des populations les plus vulnérables dans les provinces du Tanganyika et Haut Katanga à travers une approche multisectorielle holistique;1075;2950;3500;3800;2650;150;6450;322500;$US_projet;;assistance_en__1;0;1;0;0;0;0;0;0;0;0;0;planifi;;;;;;;;;;;;;;;;;;;Laschoni SOKI;kinsahasa.reporting@acted?org;2,44E+11;vBi33PnLtfSLCFW7wLUgsr;6168298;23e76bf2-1f66-4568-8638-7ac91ad4d005;2019-06-26T15:28:17;;27;d_plac_s_inter;1;0;0;0;0;0;0;0;0
27/06/2019;NRC;ong_internatio;option_5;;kasai central;yangala;kaleka;Protection et reintegration des deplaces internes et refoules d'Angola au Kasai, Kasai Central et Lomami;356;1;;;;;NaN;;$US_projet;;assistance_en__1 accompagnement assistance_en__5 construction_r;0;1;1;0;0;0;0;1;1;0;0;planifi;;;;;;;;;;;;;;;;;;;Mvuama Jo Diakabana;mvuama.diakabana@nrc.no;817988767;vBi33PnLtfSLCFW7wLUgsr;6174526;bc3e1db5-5870-4824-8af4-0bed12b492d4;2019-06-27T10:37:22;;28;d_plac_s_inter;1;0;0;0;0;0;0;0;0
27/06/2019;NRC;ong_internatio;option_5;;kasai central;yangala;kalenga nganyi;Protection et réintégration des déplacés internes et refoules d'Angola au Kasai, Kasai Central et Lomami;3700;;;;;;NaN;2540000;$US_projet;;assistance_en__1 accompagnement assistance_en__5;0;1;1;0;0;0;0;1;0;0;0;planifi;;;;;;;;;;;;;;;;;;;Mvuama Jo Diakabana;Mvuama.diakabana@nrc.no;+243 (0) 817988767 / +243 (0) 978885982;vBi33PnLtfSLCFW7wLUgsr;6174978;05c0fde5-9caf-4bca-af73-1dd92d0b8277;2019-06-27T10:52:08;;29;d_plac_s_inter;1;0;0;0;0;0;0;0;0
27/06/2019;NRC;ong_internatio;option_5;;kasai central;yangala;tshiwayi;Protection et réintégration des déplacés internes et refoules d'Angola au Kasai, Kasai Central et Lomami;3700;;;;;;NaN;2540000;$US_projet;;assistance_en__1 accompagnement construction_r;0;1;1;0;0;0;0;0;1;0;0;planifi;;;;;;;;;;;;;;;;;;;Mvuama Jo Diakabana;Mvuama.diakabana@nrc.no;+243 (0) 817988767 / +243 (0) 978885982;vBi33PnLtfSLCFW7wLUgsr;6175006;91d77dd6-cb1c-4d09-bb45-1cd366fadfe4;2019-06-27T10:55:30;;30;d_plac_s_inter;1;0;0;0;0;0;0;0;0
27/06/2019;CONCERN WORLDWIDE;ong_internatio;usaid_ofda;;tanganyika;nyunzu;muhuya;Assistance humanitaire aux personnes déplacées et retournées dans la province de Tanganyika;576;202;334;;334;40;536;71998;$US_projet;;assistance_en_;1;0;0;0;0;0;0;0;0;0;0;planifi;;;;;;;;;;;;;;;;;;;Jessica Frey;jessica.frey@concern.net;813105223;vBi33PnLtfSLCFW7wLUgsr;6177147;4597b6ee-0a90-4983-a017-f52bbb3a9029;2019-06-27T13:27:05;;31;d_plac_s_inter;1;0;0;0;0;0;0;0;0
27/06/2019;NRC;ong_internatio;usaid_ofda;;ituri;gety;gety;Réponse intégrée abri et protection aux personnes les plus vulnérables parmi les délocalisées/ retournées dans les provinces du Nord-Kivu, du Sud-Kivu, du Tanganyika et de l'Ituri en République démocratique du Congo (RDC);15680;;;;;;NaN;1568000;$US_projet;;assistance_en__1 accompagnement assistance_en__5 construction_r;0;1;1;0;0;0;0;1;1;0;0;planifi;;;;;;;;;;;;;;;;;;;Mvuama Jo Diakabana;Mvuama.diakabana@nrc.no;+243 (0) 817988767 / +243 (0) 978885982;vBi33PnLtfSLCFW7wLUgsr;6177885;48f04125-af04-4a14-8495-413b6750e4be;2019-06-27T14:27:12;;32;d_plac_s_inter;1;0;0;0;0;0;0;0;0
27/06/2019;Concern Worldwide;ong_internatio;usaid_ofda;;haut katanga;pweto;santé;Assistance humanitaire aux personnes déplacées et retournées dans la province de Tanganyika;135;47;78;;78;10;125;3780;$US_projet;;assistance_en_;1;0;0;0;0;0;0;0;0;0;0;planifi;;;;;;;;;;;;;;;;;;;Jessica Frey;jessica.frey@concern.net;815732180;vBi33PnLtfSLCFW7wLUgsr;6179067;60be49cf-c4b5-4fd9-a573-20c103d16418;2019-06-27T18:10:43;;33;;;;;;;;;;
27/06/2019;Concern Worldwide;ong_internatio;usaid_ofda;;haut katanga;pweto;kapulo;Assistance humanitaire aux personnes déplacées et retournées dans la province de Tanganyika;224;78;130;;208;16;208;6272;$US_projet;;assistance_en_ assistance_en__4;1;0;0;0;0;0;1;0;0;0;0;planifi;;;;;;;;;;;;;;;;;;;Jessica FREY;jessica.frey@concern.net;815732180;vBi33PnLtfSLCFW7wLUgsr;6179068;3c10c99f-1fe3-4a97-84bb-e023a0a91f83;2019-06-27T18:10:47;;34;;;;;;;;;;
27/06/2019;CONCERN WORLDWIDE;ong_internatio;usaid_ofda;;haut katanga;pweto;chalanshi;Assistance humanitaire aux personnes déplacées et retournées dans la province de Tanganyika;141;49;82;;131;10;131;3948;$US_projet;;assistance_en__4;0;0;0;0;0;0;1;0;0;0;0;planifi;;;;;;;;;;;;;;;;;;;Jessica Frey;jessica.frey@concern.net;815732180;vBi33PnLtfSLCFW7wLUgsr;6179069;ecfa3671-8037-49c6-be5c-51aed6f52dc2;2019-06-27T18:10:51;;35;;;;;;;;;;
27/06/2019;CONCERN WORLDWIDE;ong_internatio;usaid_ofda;;tanganyika;kabalo;kamubangwa;Assistance humanitaire aux personnes déplacées et retournées dans la province de Tanganyika;382;134;221;;355;27;355;22920;$US_projet;;assistance_en_ assistance_en__1;1;1;0;0;0;0;0;0;0;0;0;planifi;;;;;;;;;;;;;;;;;;;Jessica Frey;Jessica.frey@concern.net;815732180;vBi33PnLtfSLCFW7wLUgsr;6179070;ee3737f5-f7a2-428e-9f64-0f5b0e0b7765;2019-06-27T18:10:56;;36;;;;;;;;;;
27/06/2019;CONCERN WORLDWIDE;ong_internatio;usaid_ofda;;tanganyika;kabalo;katutu;Assistance humanitaire aux personnes déplacées et retournées dans le Tanganyika;137;48;79;;127;10;127;;$US_projet;;assistance_en_ assistance_en__1;1;1;0;0;0;0;0;0;0;0;0;planifi;;;;;;;;;;;;;;;;;;;Jessica Frey;jessica.frey@concern.net;815732180;vBi33PnLtfSLCFW7wLUgsr;6179071;268b04c3-5521-4204-ae7b-3a8a5b247760;2019-06-27T18:11:01;;37;;;;;;;;;;
27/06/2019;CONCERNWORLDWIDE;ong_internatio;usaid_ofda;;tanganyika;kabalo;kibula;Assistance humanitaire aux personnes déplacées et retournées dans la province de Tanganyika;242;85;140;;225;17;225;14520;$US_projet;;assistance_en_ assistance_en__1 assistance_en__4;1;1;0;0;0;0;1;0;0;0;0;planifi;;;;;;;;;;;;;;;;;;;Jessica Frey;jessica.frey@concern.net;815732180;vBi33PnLtfSLCFW7wLUgsr;6179072;221a20a0-41d9-4fcf-bc4f-ac09ecda3c95;2019-06-27T18:11:05;;38;;;;;;;;;;
27/06/2019;CONCERN WORLDWIDE;ong_internatio;usaid_ofda;;haut lomami;lwamba;kabumbulu;Assistance humanitaire aux personnes déplacées et retournées;239;84;138;222;;17;222;6692;$US_projet;;assistance_en__4;0;0;0;0;0;0;1;0;0;0;0;planifi;;;;;;;;;;;;;;;;;;;Jessica Frey;jessica.frey@concern.net;815732180;vBi33PnLtfSLCFW7wLUgsr;6179073;08c67b1b-3b09-456d-ab4b-b77a05debec4;2019-06-27T18:11:09;;39;;;;;;;;;;
27/06/2019;CONCERN WORLDWIDE;ong_internatio;usaid_ofda;;haut lomami;lwamba;kilumba ngoy;Assistance humanitaire aux personnes déplacées et retiournées;138;46;82;;130;10;128;3864;$US_projet;;assistance_en__4;0;0;0;0;0;0;1;0;0;0;0;planifi;;;;;;;;;;;;;;;;;;;Jessica FREY;jessica.frey@concern.net;815732180;vBi33PnLtfSLCFW7wLUgsr;6179074;2fa53819-97d1-4b07-9ef5-dc9fb090391b;2019-06-27T18:11:14;;40;;;;;;;;;;
27/06/2019;CONCERNWORLDWIDE;ong_internatio;usaid_ofda;;tanganyika;nyunzu;masamba;Assistance Humanitaire aux personnes déplacées et retournées dans la province de Tanganyika;250;88;144;;232;18;232;15000;$US_projet;;assistance_en__1 assistance_en__4;0;1;0;0;0;0;1;0;0;0;0;planifi;;;;;;;;;;;;;;;;;;;Jessica Frey;jessica.frey@concern.net;815732180;vBi33PnLtfSLCFW7wLUgsr;6179075;762403a4-2b61-438c-b8af-3b5b7a1c0589;2019-06-27T18:11:18;;41;;;;;;;;;;
01/07/2019;Adventist Development and Relief Agency/ ADRA;ong_internatio;pooled_fund;;kasai;kamwesha;lunyeka;Appui multisectoriel à la résilience des populations vulnérables affectées par les conflits dans la zone de santé de Kamwesha'';500;445;27;5;472;23;472;187000;$US_projet;;assistance_en__1 construction_r;0;1;0;0;0;0;0;0;1;0;0;compl_t;nature;;;;;;;;;;;;;;;;;;KAPALATA Charles;charlesk@adradrcongo.org;0998834601 et 0820908090;vBi33PnLtfSLCFW7wLUgsr;6201396;35989d0a-dfec-4a52-aa18-b75c6f28a341;2019-07-01T09:58:00;;42;;;;;;;;;;
04/07/2019;AIRD;nations_unies;option_5;;tanganyika;kiambi;sange;Assistance en abris et amelioration de l'accès aux biens et services essentielles pour les populations deplacées et retournées dans les provinces du Kasai et du Tanganyika;210;;;;;;NaN;;;;assistance_en__1 accompagnement assistance_en__4 construction_r int_gration_de;0;1;1;0;0;0;1;0;1;1;0;planifi;;;;;;;;;;;;;;;;;;;Maxime KAKULE;kakule@unhcr.org;2,44E+11;vBi33PnLtfSLCFW7wLUgsr;6230161;0a7d3e67-3ad3-4bd9-be84-14c90faa920f;2019-07-04T12:12:39;;43;;;;;;;;;;
04/07/2019;AIRD;ong_internatio;option_5;;tanganyika;kiambi;mbayo;Assistance en abris et amelioration de l'accès aux biens et services essentielles pour les populations deplacées et retournées dans les provinces du Kasai et du Tanganyika;120;;;;;;NaN;;;;assistance_en__1 accompagnement construction_r int_gration_de;0;1;1;0;0;0;0;0;1;1;0;planifi;;;;;;;;;;;;;;;;;;;Maxime KAKULE;kakule@unhcr.org;2,44E+11;vBi33PnLtfSLCFW7wLUgsr;6230201;59501d5a-5600-4ea3-9936-5ec0a1333831;2019-07-04T12:17:23;;44;d_plac_s_inter retourn_s familles_d_acc autochtones_vu;1;1;0;0;1;0;0;1;0
02/07/2019;Programme de Promotion des Soins de Santé Primaire (PPSSP);ong_nationale;autres;DIAKONIE KATASTROPHENHILPHE;ituri;lita;lita;Assistance humanitaire multisectorielle et CASH en faveur des populations affectées par les conflits armés dans les territoires de Djugu, Irumu et Beni, provinces de l’Ituri et du Nord Kivu à l’Est de la R.D.Congo;1851;1579;1251;6839;3430;334;2830;3300000;euro_projet;;int_gration_de;0;0;0;0;0;0;0;0;0;1;0;compl_t;nature;;;;;;;;;;;;;;;;;;SUMBUSO BAHEMUKA Eric;ppsspituri@yahoo.fr;813521091;vBi33PnLtfSLCFW7wLUgsr;6238456;0eb78c8b-8a9c-4412-ab73-fd48c9b5b8ce;2019-07-06T06:03:28;;45;retourn_s;0;1;0;0;0;0;0;0;0
09/07/2019;Caritas International Belgique (CI.be);ong_internatio;autres;DGD - Direction Générale de la Coopération belge au développement - Aide d'Urgence;mongala;lolo;lundu;Programme d’appui à la Résilience des populations vulnérables aux Risques des Catastrophes (PRRC);2000;;;;;;NaN;1977357;euro_projet;;assistance_en__1;0;1;0;0;0;0;0;0;0;0;0;compl_t;nature;;;;;;;;;;;;;;;;;;juliette maquart;j.maquart@caritasint.be;2,44E+11;vBi33PnLtfSLCFW7wLUgsr;6263378;c8a6ca92-5ac1-4ec0-9905-4569d2f3d2c5;2019-07-09T11:51:14;;46;;;;;;;;;;
05/07/2019;AFRICAN INITIATIVES FOR RELIEF AND DEVELOPMENT (AIRD);ong_internatio;option_4;;tanganyika;nyemba;tundwa;CONSTRUCTION DE 600 ABRIS LOCAUX DANS LE TERRITOIRE DE TANGANYIKA;600;216;384;2273;1025;144;600;247000;$US_projet;;assistance_en__1 accompagnement;0;1;1;0;0;0;0;0;0;0;0;compl_t;mixte;;;;nature especes__direc;1;1;0;0;0;0;0;0;0;0;0;transfert_cond;;LEON NGOYI BUKASA;leonngoyi@yahoo.fr;243 815 822 622;vBi33PnLtfSLCFW7wLUgsr;6270229;d9bd01bf-f9e9-40cf-b6e5-7aacf3b8f00a;2019-07-10T06:13:38;;47;;;;;;;;;;
05/07/2019;AFRICAN INITIATIVES FOR RELIEF AND DEVELOPMENT (AIRD);ong_internatio;option_4;;tanganyika;kalemie;makala;CONSTRUCTION DE 600 ABRIS LOCAUX DANS LE TERRITOIRE DE KALEMIE;600;216;384;2273;1025;144;600;247000;$US_projet;;assistance_en__1 accompagnement;0;1;1;0;0;0;0;0;0;0;0;compl_t;mixte;;;;nature especes__direc;1;1;0;0;0;0;0;0;0;0;0;transfert_cond;;NGOYI BUKASA;leonngoyi@yahoo.fr;2,44E+11;vBi33PnLtfSLCFW7wLUgsr;6270230;49a8961d-7b10-401f-b890-de1cd0932636;2019-07-10T06:13:46;;48;retourn_s;0;1;0;0;0;0;0;0;0
05/07/2019;AFRICAN INITIATIVES FOR RELIEF AND DEVELOPMENT (AIRD);ong_internatio;option_4;;tanganyika;nyemba;tundwa;CONSTRUCTION DE 600 ABRIS LOCAUX DANS LE TERRITOIRE DE KALEMIE;600;216;384;2273;1025;144;600;247000;$US_projet;;assistance_en__1 accompagnement;0;1;1;0;0;0;0;0;0;0;0;compl_t;mixte;;;;nature especes__direc;1;1;0;0;0;0;0;0;0;0;0;cash_for_work;;NGOYI BUKASA LEON;leonngoyi@yahoo.fr;2,44E+11;vBi33PnLtfSLCFW7wLUgsr;6270234;35b238de-3201-466d-bb39-d45be8517b5f;2019-07-10T06:15:18;;49;retourn_s;0;1;0;0;0;0;0;0;0
05/07/2019;AFRICAN INITIATIVES FOR RELIEF AND DEVELOPMENT (AIRD);ong_internatio;option_4;;tanganyika;nyemba;tundwa;CONSTRUCTION DE 600 ABRIS LOCAUX DANS LE TERRITOIRE DE KALEMIE;600;216;384;2273;1025;144;600;247000;$US_projet;;assistance_en__1 accompagnement;0;1;1;0;0;0;0;0;0;0;0;compl_t;mixte;;;;nature especes__direc;1;1;0;0;0;0;0;0;0;0;0;cash_for_work;;NGOYI BUKASA LEON;leonngoyi@yahoo.fr;2,44E+11;vBi33PnLtfSLCFW7wLUgsr;6270251;d7df001b-d4b4-45b3-9c9e-f08098243680;2019-07-10T06:17:42;;50;retourn_s;0;1;0;0;0;0;0;0;0
24/07/2019;CROIX-ROUGE DE LA RDC;mouvement_croi;autres;FICR;mai ndombe;yumbi;bongende;DREF Mouvement de Population en RDC/Yumbi MDRCD029;720;1872;1728;;;;3600;263000;$US_projet;;assistance_en_ accompagnement;1;0;1;0;0;0;0;0;0;0;0;compl_t;nature;;;;;;;;;;;;;;;;;;Moise KABONGO NGALULA;moise.kabongo@yahoo.fr;00243852387181/00243815176075;vBi33PnLtfSLCFW7wLUgsr;6439037;1f2e2b5c-aa90-4ee3-a820-e71ed437ebc2;2019-07-28T12:21:51;;51;retourn_s;0;1;0;0;0;0;0;0;0
29/07/2019;CROIX-ROUGE  DE LA RDC;mouvement_croi;autres;FICR;mai ndombe;yumbi;nkolo yoka;DREF Mouvement des populations en RDC/ Yumbi MDRCD029;720;1872;1728;;;;3600;263000;$US_projet;;assistance_en_ accompagnement;1;0;1;0;0;0;0;0;0;0;0;compl_t;nature;;;;;;;;;;;;;;;;;;Moise  KABONGO NGALULA;moise.kabongo@yahoo.fr;00243852387181 / 00243815176075;vBi33PnLtfSLCFW7wLUgsr;6447882;30efa54c-40bd-4d2c-89f3-4b027c77077d;2019-07-29T10:52:01;;52;relocalis_s victimes_de_ca;0;0;1;0;0;0;0;0;1
29/07/2019;CROIX-ROUGE DE LA RDC;mouvement_croi;autres;FICR;mai ndombe;yumbi;mission catholique;DREF Mouvement des populations en RDC /Yumbi MDRCD029;720;1872;1728;;;;3600;263000;$US_projet;;assistance_en_ accompagnement;1;0;1;0;0;0;0;0;0;0;0;compl_t;nature;;;;;;;;;;;;;;;;;;Moise KABONGO NGALULA;moise.kabongo@yahoo.fr;00243852387181 / 00243815176075;vBi33PnLtfSLCFW7wLUgsr;6447984;6a97b28e-f65e-4e5f-9478-ea3072c6734e;2019-07-29T11:11:46;;53;retourn_s;0;1;0;0;0;0;0;0;0
22/08/2019;Organisation de mise en œuvre (AIRD);ong_internatio;option_4;;tanganyika;kalemie;nyemba;Appui logistique, Gestion des entrepôts et construction des abris et infrastructures;138;400;290;200;300;190;690;146703;$US_projet;;assistance_en__1;0;1;0;0;0;0;0;0;0;0;0;compl_t;nature;;;;;;;;;;;;;;;;;;Crispin Médard Dibunda Tshiebue;medard.d@airdinternational.org;818253845;vBi33PnLtfSLCFW7wLUgsr;6694528;db78238f-2905-4c32-aa5f-499798bf3f3d;2019-08-22T15:04:51;;54;d_plac_s_inter;1;0;0;0;0;0;0;0;0
07/08/2019;AIDES;ong_nationale;option_4;;nord kivu;kibirizi;nyanzale;ASSISTANCE EN ABRIS AUX PERSONNES DEPLACEES INTERNES ET RETOURNEES AU NORD KIVU;2700;7020;6480;8168;4725;607;13500;1020412;$US_projet;;assistance_en__1 construction_r;0;1;0;0;0;0;0;0;1;0;0;compl_t;mixte;;;;nature argent_mobile_m;1;0;0;0;0;0;0;1;0;0;0;transfert_cond;;PAULIN KALENGA;"aidesgoma@yahoo.fr; kalenga.p@aidesong.org";994021215;vBi33PnLtfSLCFW7wLUgsr;6610614;9a580e8e-554d-48d2-a5f1-91b9f1f34c22;2019-08-13T20:50:11;;55;d_plac_s_inter retourn_s familles_d_acc;1;1;0;0;1;0;0;0;0
20/06/2019;AIRD (African Initiatives Relief and Development);ong_internatio;option_4;;nord ubangi;gbadolite;gbado 1;Assistance et Protection en faveur des Réfugies centrafricains vivant dans le Nord/Sud Ubangui et Bas-uélé;11609;30828;27219;37804;19179;1064;58047;881647;$US_projet;;assistance_en__1;0;1;0;0;0;0;0;0;0;0;0;planifi;;;;;;;;;;;;;;;;;;;Crispin Medard Dibunda;medard.d@airdinternational.org;2,44E+11;vBi33PnLtfSLCFW7wLUgsr;6687490;5b90694d-eb4b-4837-b213-29b7c326eb90;2019-08-22T08:53:01;;56;retourn_s autochtones_vu;0;1;0;0;0;0;0;1;0
22/08/2019;Organisation de mise en œuvre;ong_internatio;option_4;;tanganyika;nyemba;tundwa;Appui logistique, Gestion des entrepôts et construction des abris et infrastructures;250;800;450;300;700;250;1250;146703;$US_projet;;assistance_en__1;0;1;0;0;0;0;0;0;0;0;0;compl_t;nature;;;;;;;;;;;;;;;;;;Crispin Médard DIBUNDA Tshiebue;medard.d@airdinternational.org;8181253845;vBi33PnLtfSLCFW7wLUgsr;6688582;ad4e7a5d-d70c-4502-9ec5-46c4204df448;2019-08-22T10:34:51;;57;retourn_s;0;1;0;0;0;0;0;0;0
22/08/2019;Organisation de mise en œuvre (AIRD);ong_internatio;option_4;;tanganyika;kalemie;nyemba;Appui logistique, Gestion des entrepôts et construction des abris et infrastructures;210;150;60;60;120;30;210;146703;$US_projet;;assistance_en__1;0;1;0;0;0;0;0;0;0;0;0;compl_t;nature;;;;;;;;;;;;;;;;;;Crispin Medard Dibunda Tshiebue;medard.d@airdinternational.org;818253845;vBi33PnLtfSLCFW7wLUgsr;6694661;13244e3b-7354-4f94-8f63-da79943e06ed;2019-08-22T15:20:27;;58;retourn_s;0;1;0;0;0;0;0;0;0
22/08/2019;NRC;ong_internatio;usaid_ofda;;tanganyika;kalemie;lwanika;Assistance intégrée en logement et de protection aux personnes déplacées / rapatriées les plus vulnérables dans les provinces du Nord-Kivu, du Sud-Kivu, du Tanganyika et de l'Ituri en République démocratique du Congo (RDC);15680;;;;;;NaN;4000000;$US_projet;;assistance_en__1 accompagnement construction_r;0;1;1;0;0;0;0;0;1;0;0;planifi;;;;;;;;;;;;;;;;;;;Mvuama Jo Diakabana;mvuama.diakabana@nrc.no;+243 (0) 817988767 / +243 (0) 978885982;vBi33PnLtfSLCFW7wLUgsr;6768763;013de9dd-3d6e-4459-8921-fdfb198f4190;2019-08-29T15:47:19;;59;retourn_s;0;1;0;0;0;0;0;0;0
29/08/2019;NRC;ong_internatio;usaid_ofda;;ituri;gety;gety;Assistance intégrée en logement et de protection aux personnes déplacées / rapatriées les plus vulnérables dans les provinces du Nord-Kivu, du Sud-Kivu, du Tanganyika et de l'Ituri en République démocratique du Congo (RDC);15680;;;;;;NaN;;$US_projet;;assistance_en__1 accompagnement assistance_en__5 construction_r;0;1;1;0;0;0;0;1;1;0;0;compl_t;espece;especes_agence;;;;;;;;;;;;;;;transfert_cond;Le Palmier;Mvuama Jo Diakabana;mvuama.diakabna;+243 (0) 817988767 / +243 (0) 978885982;vBi33PnLtfSLCFW7wLUgsr;6768887;cb43326d-8c8f-4eb3-beaa-09fd741ae8f6;2019-08-29T16:10:04;;60;retourn_s;0;1;0;0;0;0;0;0;0
30/08/2019;NRC;ong_internatio;usaid_ofda;;ituri;gety;chyekele;Assistance intégrée en logement et en protection aux personnes déplacées / rapatriées les plus vulnérables dans les provinces du Nord-Kivu, du Sud-Kivu, du Tanganyika et de l'Ituri en République démocratique du Congo (RDC);9560;;;;;;NaN;4000000;$US_projet;;assistance_en__1 accompagnement assistance_en__5 construction_r;0;1;1;0;0;0;0;1;1;0;0;compl_t;espece;especes_agence;;;;;;;;;;;;;;;transfert_cond;Le Palmier;Mvuama Jo Diakabana;Mvuama.diakabana@nrc.no;+243 (0) 817988767 / +243 (0) 978885982;vBi33PnLtfSLCFW7wLUgsr;6775051;b88d28af-dec5-49c1-bbf2-c6f19f6461b5;2019-08-30T14:36:01;;61;;;;;;;;;;
30/08/2019;NRC;ong_internatio;usaid_ofda;;ituri;gety;gety;Assistance intégrée en logement et en protection aux personnes déplacées / rapatriées les plus vulnérables dans les provinces du Nord-Kivu, du Sud-Kivu, du Tanganyika et de l'Ituri en République démocratique du Congo (RDC);9560;;;;;;NaN;4000000;$US_projet;;assistance_en__1 accompagnement assistance_en__5 construction_r;0;1;1;0;0;0;0;1;1;0;0;compl_t;espece;especes_agence;;;;;;;;;;;;;;;transfert_cond;Le Palmier;Mvuama Jo Diakabana;mvuama.diakabana@nrc.no;+243 (0) 817988767 / +243 (0) 978885982;vBi33PnLtfSLCFW7wLUgsr;6775155;6862c91c-912c-48a0-9b92-96e4671492aa;2019-08-30T14:55:15;;62;retourn_s relocalis_s;0;1;1;0;0;0;0;0;0
30/08/2019;NRC;ong_internatio;usaid_ofda;;tanganyika;kalemie;mulange;Assistance intégrée en logement et en protection aux personnes déplacées / rapatriées les plus vulnérables dans les provinces du Nord-Kivu, du Sud-Kivu, du Tanganyika et de l'Ituri en République démocratique du Congo (RDC);9560;;;;;;NaN;4000000;$US_projet;;assistance_en__1 accompagnement assistance_en__5 construction_r;0;1;1;0;0;0;0;1;1;0;0;planifi;;;;;;;;;;;;;;;;;;;Mvuama Jo Diakabana;mvuama.diakabana@nrc.no;+243 (0) 817988767 / +243 (0) 978885982;vBi33PnLtfSLCFW7wLUgsr;6775207;51f2fddb-64d2-4bc8-acca-e1439f882b6d;2019-08-30T15:16:21;;63;retourn_s relocalis_s;0;1;1;0;0;0;0;0;0
30/08/2019;NRC;ong_internatio;usaid_ofda;;ituri;nyankunde;irumu;Assistance intégrée en logement et en protection aux personnes déplacées / rapatriées les plus vulnérables dans les provinces du Nord-Kivu, du Sud-Kivu, du Tanganyika et de l'Ituri en République démocratique du Congo (RDC);9560;;;;;;NaN;4000000;$US_projet;;assistance_en__1 accompagnement assistance_en__5 construction_r;0;1;1;0;0;0;0;1;1;0;0;compl_t;espece;especes_agence;;;;;;;;;;;;;;;transfert_cond;Le Palmier;Mvuama Jo Diakabana;mvuama.diakabana@nrc.no;+243 (0) 817988767 / +243 (0) 978885982;vBi33PnLtfSLCFW7wLUgsr;6775255;ba3dc9f5-b82b-4f8d-a469-48f43807e603;2019-08-30T15:24:30;;64;retourn_s relocalis_s;0;1;1;0;0;0;0;0;0
30/08/2019;NRC;ong_internatio;usaid_ofda;;tanganyika;nyunzu;mulongo;Assistance intégrée en logement et en protection aux personnes déplacées / rapatriées les plus vulnérables dans les provinces du Nord-Kivu, du Sud-Kivu, du Tanganyika et de l'Ituri en République démocratique du Congo (RDC);9560;;;;;;NaN;4000000;$US_projet;;assistance_en__1 accompagnement assistance_en__5 construction_r;0;1;1;0;0;0;0;1;1;0;0;compl_t;espece;especes_agence;;;;;;;;;;;;;;;transfert_cond;MUNGU AKONKWA;Mvuama Jo Diakabana;Mvuama.diakabana@nrc.no;+243 (0) 817988767 / +243 (0) 978885982;vBi33PnLtfSLCFW7wLUgsr;6775327;d6ec50fa-4a4a-415a-9748-a232111ecafe;2019-08-30T15:49:20;;65;;;;;;;;;;
30/08/2019;NRC;ong_internatio;usaid_ofda;;tanganyika;nyunzu;tchangatchanga;Assistance intégrée en logement et en protection aux personnes déplacées / rapatriées les plus vulnérables dans les provinces du Nord-Kivu, du Sud-Kivu, du Tanganyika et de l'Ituri en République démocratique du Congo (RDC);9560;;;;;;NaN;4000000;$US_projet;;assistance_en__1 accompagnement assistance_en__5 construction_r;0;1;1;0;0;0;0;1;1;0;0;compl_t;espece;especes_agence;;;;;;;;;;;;;;;transfert_cond;MUNGU AKONKWA;Mvuama Jo Diakabana;Mvuama.diakabana@nrc.no;+243 (0) 817988767 / +243 (0) 978885982;vBi33PnLtfSLCFW7wLUgsr;6775357;100763e9-c85c-4036-a42c-7dfcb30ceffc;2019-08-30T15:57:24;;66;retourn_s relocalis_s;0;1;1;0;0;0;0;0;0
30/08/2019;NRC;ong_internatio;usaid_ofda;;tanganyika;nyunzu;lwizi;Assistance intégrée en logement et en protection aux personnes déplacées / rapatriées les plus vulnérables dans les provinces du Nord-Kivu, du Sud-Kivu, du Tanganyika et de l'Ituri en République démocratique du Congo (RDC);9560;;;;;;NaN;4000000;$US_projet;;assistance_en__1 accompagnement assistance_en__5 construction_r;0;1;1;0;0;0;0;1;1;0;0;compl_t;espece;especes_agence;;;;;;;;;;;;;;;transfert_cond;MUNGU AKONKWA;Mvuama Jo Diakabana;Mvuama.diakabana@nrc.no;+243 (0) 817988767 / +243 (0) 978885982;vBi33PnLtfSLCFW7wLUgsr;6775439;4f02c2c6-7193-45ab-a246-5a337e1b4311;2019-08-30T16:08:18;;67;retourn_s relocalis_s;0;1;1;0;0;0;0;0;0
31/08/2019;NRC;ong_internatio;pooled_fund;;sud kivu;kimbi lulenge;kilembwe;Réponse multi-sectorielle d’urgence et durable centrée sur la protection dans la zone de de santé de Kimbi-Lulenge, Sud Kivu.;940;;;;;;NaN;750000;$US_projet;;assistance_en__1 accompagnement assistance_en__5 construction_r;0;1;1;0;0;0;0;1;1;0;0;planifi;;;;;;;;;;;;;;;;;;;Mvuama Jo Diakabana;Mvuama.diakabana@nrc.no;+243 (0) 817988767 / +243 (0) 978885982;vBi33PnLtfSLCFW7wLUgsr;6778793;ad6b9934-5244-411b-86f1-d92fa15f0601;2019-08-31T10:39:58;;68;retourn_s relocalis_s;0;1;1;0;0;0;0;0;0
31/08/2019;NRC;ong_internatio;pooled_fund;;sud kivu;kimbi lulenge;may-moto;Réponse multi-sectorielle d’urgence et durable centrée sur la protection dans la zone de de santé de Kimbi-Lulenge, Sud Kivu.;940;;;;;;NaN;750000;$US_projet;;assistance_en__1 accompagnement assistance_en__5 construction_r;0;1;1;0;0;0;0;1;1;0;0;planifi;;;;;;;;;;;;;;;;;;;Mvuama Jo Diakabana;Mvuama.diakabana@nrc.no;+243 (0) 817988767 / +243 (0) 978885982;vBi33PnLtfSLCFW7wLUgsr;6778806;af07dcd6-54b0-4884-a6eb-ccef2e3a8d2a;2019-08-31T10:45:33;;69;;;;;;;;;;
31/08/2019;NRC;ong_internatio;pooled_fund;;sud kivu;kimbi lulenge;maindombe;Réponse multi-sectorielle d’urgence et durable centrée sur la protection dans la zone de de santé de Kimbi-Lulenge, Sud Kivu.;940;;;;;;NaN;750000;$US_projet;;assistance_en__1 accompagnement assistance_en__5 construction_r;0;1;1;0;0;0;0;1;1;0;0;planifi;;;;;;;;;;;;;;;;;;;Mvuama Jo Diakabana;Mvuama.diakabana@nrc.no;+243 (0) 817988767 / +243 (0) 978885982;vBi33PnLtfSLCFW7wLUgsr;6778807;c31b58f9-a20a-4599-a301-d40ca5f9366a;2019-08-31T10:47:52;;70;;;;;;;;;;
31/08/2019;NRC;ong_internatio;option_5;;kasai central;yangala;kalenga nganyi;Protection et reintegration des personnes retournes, deplaces internes et expulses/refoules d'Angola au Kasai, Kasai Central et Lomami;3700;;;;;;NaN;2540000;$US_projet;;assistance_en__1 accompagnement assistance_en__5 construction_r;0;1;1;0;0;0;0;1;1;0;0;compl_t;espece;especes_agence;;;;;;;;;;;;;;;transfert_cond;TMB;Mvuama Jo Diakabana;Mvuama.diakabana@nrc.no;+243 (0) 817988767 / +243 (0) 978885982;vBi33PnLtfSLCFW7wLUgsr;6782118;6da6c620-e5b5-4919-bbe2-55791c209fa6;2019-09-01T10:34:35;;71;;;;;;;;;;
01/09/2019;NRC;ong_internatio;option_5;;kasai central;yangala;tshiwayi;Protection et reintegration des personnes retournes, deplaces internes et expulses/refoules d'Angola au Kasai, Kasai Central et Lomami;3700;;;;;;NaN;2540000;$US_projet;;assistance_en__1 accompagnement assistance_en__5 construction_r;0;1;1;0;0;0;0;1;1;0;0;compl_t;espece;especes_agence;;;;;;;;;;;;;;;transfert_cond;TMB;Mvuama Jo Diakabana;Mvuama.diakabana@nrc.no;+243 (0) 817988767 / +243 (0) 978885982;vBi33PnLtfSLCFW7wLUgsr;6782241;cb192f1a-861d-48d7-b6b1-f4df8e18fa1d;2019-09-01T10:43:27;;72;;;;;;;;;;
01/09/2019;NRC;ong_internatio;option_5;;kasai central;yangala;kaleka;Protection et reintegration des personnes retournes, deplaces internes et expulses/refoules d'Angola au Kasai, Kasai Central et Lomami;3700;;;;;;NaN;2540000;$US_projet;;assistance_en__1 accompagnement assistance_en__5 construction_r;0;1;1;0;0;0;0;1;1;0;0;compl_t;espece;especes_agence;;;;;;;;;;;;;;;transfert_cond;TMB;Mvuama Jo Diakabana;Mvuama.diakabana@nrc.no;+243 (0) 817988767 / +243 (0) 978885982;vBi33PnLtfSLCFW7wLUgsr;6782282;7ab03781-d205-4458-a2d2-e66587cface3;2019-09-01T10:49:02;;73;;;;;;;;;;
01/09/2019;NRC;ong_internatio;option_5;;kasai;kamonia;kasai lumbembe;Protection et reintegration des personnes retournes, deplaces internes et expulses/refoules d'Angola au Kasai, Kasai Central et Lomami;3700;;;;;;NaN;2540000;$US_projet;;assistance_en__1 accompagnement assistance_en__5 construction_r;0;1;1;0;0;0;0;1;1;0;0;planifi;;;;;;;;;;;;;;;;;;;Mvuama Jo Diakabana;Mvuama.diakabana@nrc.no;+243 (0) 817988767 / +243 (0) 978885982;vBi33PnLtfSLCFW7wLUgsr;6782414;34828529-4bd5-4a61-8052-6db2f974723d;2019-09-01T10:54:26;;74;;;;;;;;;;
01/09/2019;NRC;ong_internatio;option_5;;kasai;kamonia;kabangu;Assistance intégrée en logement et en protection aux personnes déplacées / rapatriées les plus vulnérables dans les provinces du Nord-Kivu, du Sud-Kivu, du Tanganyika et de l'Ituri en République démocratique du Congo (RDC);3700;;;;;;NaN;2540000;$US_projet;;assistance_en__1 accompagnement assistance_en__5 construction_r;0;1;1;0;0;0;0;1;1;0;0;planifi;;;;;;;;;;;;;;;;;;;Mvuama Jo Diakabana;Mvuama.diakabana@nrc.no;+243 (0) 817988767 / +243 (0) 978885982;vBi33PnLtfSLCFW7wLUgsr;6782415;b53ae5cf-3838-45c8-8e8f-877b81019c2a;2019-09-01T10:56:21;;75;retourn_s relocalis_s;0;1;1;0;0;0;0;0;0
01/09/2019;NRC;ong_internatio;option_5;;kasai;kamonia;nsokombe;Assistance intégrée en logement et en protection aux personnes déplacées / rapatriées les plus vulnérables dans les provinces du Nord-Kivu, du Sud-Kivu, du Tanganyika et de l'Ituri en République démocratique du Congo (RDC);3700;;;;;;NaN;2540000;$US_projet;;assistance_en__1 accompagnement assistance_en__5 construction_r;0;1;1;0;0;0;0;1;1;0;0;planifi;;;;;;;;;;;;;;;;;;;Mvuama Jo Diakabana;Mvuama.diakabana@nrc.no;+243 (0) 817988767 / +243 (0) 978885982;vBi33PnLtfSLCFW7wLUgsr;6782418;bc6513c2-9ab9-42da-a8b4-9669c7574ec9;2019-09-01T10:59:02;;76;;;;;;;;;;
01/09/2019;NRC;ong_internatio;pooled_fund;;sud kivu;haut plateau;bijombo;Assistance en vivres, AME et abris d'urgence pour les populations vulnérables affectées par les crises dans la zone des hauts plateaux, Territoire d’Uvira, Sud Kivu, RDC;10000;;;;;;NaN;1091832;$US_projet;;assistance_en__1 accompagnement;0;1;1;0;0;0;0;0;0;0;0;compl_t;coupon_foire;;;coupon_papier;;;;;;;;;;;;;;;Mvuama Jo Diakabana;Mvuama.diakabana@nrc.no;+243 (0) 817988767 / +243 (0) 978885982;vBi33PnLtfSLCFW7wLUgsr;6796060;1a733f5c-0e1b-460e-beba-8cf861628b6a;2019-09-02T22:28:56;;77;;;;;;;;;;
10/09/2019;OIM;nations_unies;usaid_ofda;;tanganyika;nyemba;kituku;RAPID Fund for Eastern DRC;480;288;192;216;168;96;480;1100000;$US_projet;;assistance_en_ accompagnement assistance_en__2;1;0;1;0;1;0;0;0;0;0;0;compl_t;nature;;;;;;;;;;;;;;;;;;WIVINE LAURE MWAMINI;wmwamini@iom.int;990685907;vBi33PnLtfSLCFW7wLUgsr;6867023;df8ffed6-f86d-4993-9826-004987ac01c8;2019-09-10T09:01:01;;78;;;;;;;;;;
25/06/2019;Christian Aid;ong_internatio;autres;Fonds internes;nord kivu;rutshuru;rutshuru;Projet de construction des abris aux retournés de Mirangi en Chefferie de Bwito en Territoire de Rutshuru.;60;41;60;381;101;6;101;30000;ls_projet;;assistance_en__1 accompagnement assistance_en__4;0;1;1;0;0;0;1;0;0;0;0;compl_t;nature;;;;;;;;;;;;;;;;;;Albert Kengo;AKengo@christian-aid.org;2,44E+11;vBi33PnLtfSLCFW7wLUgsr;6859726;8bc44e18-17d8-4ca7-a8b9-bee5db6076c1;2019-09-09T12:10:54;;79;retourn_s relocalis_s;0;1;1;0;0;0;0;0;0
10/09/2019;OIM;nations_unies;usaid_ofda;;tanganyika;nyemba;tundwa;RAPID Fund for Eastern DRC;2400;1440;960;1080;840;480;2400;1100000;$US_projet;;assistance_en_ accompagnement assistance_en__2;1;0;1;0;1;0;0;0;0;0;0;compl_t;nature;;;;;;;;;;;;;;;;;;WIVINE LAURE MWAMINI;wmwamini@iom.int;810148065;vBi33PnLtfSLCFW7wLUgsr;6867134;a9c0ddd8-9695-4325-a99c-11aa233ba399;2019-09-10T09:28:54;;80;retourn_s relocalis_s;0;1;1;0;0;0;0;0;0
10/09/2019;OIM;nations_unies;usaid_ofda;;tanganyika;nyemba;tundwa;RAPID Fund for Eastern DRC;4000;2400;1600;1800;1400;800;4000;1100000;$US_projet;;assistance_en_ accompagnement assistance_en__2;1;0;1;0;1;0;0;0;0;0;0;compl_t;nature;;;;;;;;;;;;;;;;;;WIVINE LAURE MWAMINI;wmwamini@iom.int;810148065;vBi33PnLtfSLCFW7wLUgsr;6867858;2767c84d-49ba-4f87-8f90-a6952612ab4d;2019-09-10T09:59:54;;81;d_plac_s_inter retourn_s;1;1;0;0;0;0;0;0;0
10/09/2019;OIM;nations_unies;usaid_ofda;;tanganyika;kalemie;mulange;RAPID Fund for Eastern DRC;4000;2400;1600;1800;1400;800;4000;1100000;$US_projet;;assistance_en_ assistance_en__2;1;0;0;0;1;0;0;0;0;0;0;compl_t;nature;;;;;;;;;;;;;;;;;;WIVINE LAURE MWAMINI;wmwamini@iom.int;810148065;vBi33PnLtfSLCFW7wLUgsr;6868233;10009713-3bc5-4c6c-ac3c-af8564699054;2019-09-10T10:14:29;;82;;;;;;;;;;
09/09/2019;CONSEIL DANOIS POUR LES REFUGIES;ong_internatio;option_4;;ituri;drodro;drodro;Projet « d’assistance en abri pour les personnes déplacées retournées suite à la crise de Djugu. »;5468;729;698;995;433;36;1427;1057000;$US_projet;;assistance_en_;1;0;0;0;0;0;0;0;0;0;0;compl_t;nature;;;;;;;;;;;;;;;;;;Nshokano Nchangu Nelly;nelly.nshokano@drc.org;2,44E+11;vBi33PnLtfSLCFW7wLUgsr;6872076;9ddbef7e-f9fd-4b6e-9c94-016fc145707a;2019-09-10T12:11:12;;83;d_plac_s_inter;1;0;0;0;0;0;0;0;0
05/08/2019;Programme de Promotion des Soins de Santé Primaire (PPSSP);ong_nationale;autres;Ministère Allemand via Diakonie;ituri;lita;katoto;Assistance humanitaire multisectorielle et CASH en faveur des populations affectées par les conflits armés dans les territoires de Djugu, Irumu et Beni, provinces de l’Ituri et du Nord Kivu à l’Est de la R.D.Congo;143;87;69;206;155;14;156;4400;$US_projet;;assistance_en__1 int_gration_de;0;1;0;0;0;0;0;0;0;1;0;planifi;;;;;;;;;;;;;;;;;;;Delphin Mukunde;delphinmukus@yahoo.fr;819617246;vBi33PnLtfSLCFW7wLUgsr;6923258;357695dd-9152-4fab-96ff-3effd05fd387;2019-09-14T07:54:44;;84;retourn_s;0;1;0;0;0;0;0;0;0
09/09/2019;PPSSP;ong_nationale;autres;Diakonie;ituri;lita;katoto;Assistance humanitaire multisectorielle et CASH en faveur des populations affectées par les conflits armés dans les territoires de Djugu, Irumu, Beni et Lubero Provinces de l’Ituri et du Nord Kivu à l’Est de la R.D. Congo»;534;87;67;356;157;22;154;17550;$US_projet;;assistance_en__1 int_gration_de;0;1;0;0;0;0;0;0;0;1;0;planifi;;;;;;;;;;;;;;;;;;;SUMBUSO BAHEMUKA;ppsspituri@yahoo.fr;2,44E+11;vBi33PnLtfSLCFW7wLUgsr;6923259;fd60f46a-1613-4774-a39b-d604d66ec5a0;2019-09-14T07:54:48;;85;d_plac_s_inter;1;0;0;0;0;0;0;0;0
13/08/2019;AIDES;ong_nationale;option_4;;nord kivu;kibirizi;buhondwa;ASSISTANCE EN ABRIS AUX PERSONNES DEPLACEES INTERNES ET RETOURNEES AU NORD KIVU;2700;7020;6480;8168;4725;607;13500;1020412;$US_projet;;assistance_en__1 construction_r;0;1;0;0;0;0;0;0;1;0;0;compl_t;mixte;;;;nature argent_mobile_m;1;0;0;0;0;0;0;1;0;0;0;transfert_cond;;PAULIN KALENGA;"aidesgoma@yahoo.fr; kalenga.p@aidesong.org";994021215;vBi33PnLtfSLCFW7wLUgsr;6979426;b33e023c-8670-4d68-93d7-f225819cd67c;2019-09-19T14:20:27;;86;d_plac_s_inter;1;0;0;0;0;0;0;0;0
13/08/2019;ACTIONS ET INTERVENTIONS POUR LE DEVELOPPEMENT ET L'ENCADREMENT SOCIAL (AIDES);ong_nationale;option_4;;nord kivu;kibirizi;singa;ASSISTANCE EN ABRIS AUX PERSONNES DEPLACEES INTERNES ET RETOURNEES AU NORD KIVU;2700;7020;6480;8168;4725;607;13500;1020412;$US_projet;;assistance_en__1 construction_r;0;1;0;0;0;0;0;0;1;0;0;compl_t;mixte;;;;nature argent_mobile_m;1;0;0;0;0;0;0;1;0;0;0;transfert_cond;;PAULIN KALENGA;"aidesgoma@yahoo.fr; kalenga.p@aidesong.org";994021215;vBi33PnLtfSLCFW7wLUgsr;6979427;fccb76b2-7b51-4635-9fcd-b3436f075dbe;2019-09-19T14:20:30;;87;d_plac_s_inter;1;0;0;0;0;0;0;0;0
13/08/2019;AIDES;ong_nationale;option_4;;nord kivu;kibirizi;kikuku;ASSISTANCE EN ABRIS AUX PERSONNES DEPLACEES INTERNES ET RETOURNEES AU NORD KIVU;2700;7020;6480;8168;4725;607;13500;1020412;$US_projet;;assistance_en__1 construction_r;0;1;0;0;0;0;0;0;1;0;0;compl_t;mixte;;;;nature argent_mobile_m;1;0;0;0;0;0;0;1;0;0;0;transfert_cond;;PAULIN KALENGA;"aidesgoma@yahoo.fr; kalenga.p@aidesong.org";994021215;vBi33PnLtfSLCFW7wLUgsr;6979428;d949db13-c7bf-41cf-b9d6-3dfa562b792a;2019-09-19T14:20:33;;88;d_plac_s_inter;1;0;0;0;0;0;0;0;0
13/08/2019;AIDES;ong_nationale;option_4;;nord kivu;kibirizi;bwalanda;ASSISTANCE EN ABRIS AUX PERSONNES DEPLACEES INTERNES ET RETOURNEES AU NORD KIVU;2700;7020;6480;8168;4725;607;13500;1020412;$US_projet;;assistance_en__1 construction_r;0;1;0;0;0;0;0;0;1;0;0;compl_t;mixte;;;;nature argent_mobile_m;1;0;0;0;0;0;0;1;0;0;0;transfert_cond;;PAULIN KALENGA;"aidesgoma@yahoo.fr; kalenga.p@aidesong.org";994021215;vBi33PnLtfSLCFW7wLUgsr;6979429;9383b598-3e27-4d89-b493-54a6be92c9be;2019-09-19T14:20:37;;89;;;;;;;;;;
02/10/2019;Programme de Promotion de Soins de Santé Primaires;ong_nationale;autres;Ministère Allemend des affaires etrangères;ituri;lita;lita;Assistance Humanitaire Multisectorielle et CASH en faveur des populations affectées par les conflits armés dans les territoires de Djugu, Irumu et Beni provinces de l'Ituri et du Nord Kivu à l'Est de la RD Congo;23;40;26;72;62;4;66;14789;$US_projet;;assistance_en__1 int_gration_de;0;1;0;0;0;0;0;0;0;1;0;planifi;;;;;;;;;;;;;;;;;;;SUMBUSO BAHEMUKA;ppsspituri@yahoo.fr;243 997 715 095;vBi33PnLtfSLCFW7wLUgsr;7150135;c07c4270-b461-44c7-bb08-b177801c5ef3;2019-10-02T09:25:55;;90;;;;;;;;;;
03/10/2019;Conseil Danois pour les Réfugiés;ong_internatio;option_4;;ituri;fataki;bule;Projet d’assistance en abris pour les personnes déplacées retournées suite à la crise de Djugu;460;;;;;;NaN;350000;$US_projet;;assistance_en_;1;0;0;0;0;0;0;0;0;0;0;compl_t;nature;;;;;;;;;;;;;;;;;;Nshokano Nchangu Nelly;nelly.nshokano@drc.ngo;2,44E+11;vBi33PnLtfSLCFW7wLUgsr;7187355;3475afa2-b085-442f-897d-312bbd2a1f15;2019-10-04T16:33:55;;91;;;;;;;;;;
05/09/2019;SOLIDARITES INTERNATIONAL;ong_internatio;pooled_fund;;tanganyika;nyemba;tundwa;intervention en EHA et abris pour répodre aux besoins multisectoriels générés par les conflits et mouvements de retour dans la zone de retour de la ZS de Nyemba, Territoire de Kalemei, Province du Tanganyika;1682;2100;1900;6000;4000;;NaN;581940;$US_projet;;accompagnement assistance_en__4;0;0;1;0;0;0;1;0;0;0;0;planifi;;;;;;;;;;;;;;;;;;;Jean-claude MULENGEZI;kal.rp.eha.abri@solidarites-rdc.org;243 812 335 989;vBi33PnLtfSLCFW7wLUgsr;7189438;4d1d4fde-f4c6-4d25-a3da-e7278a6b2313;2019-10-05T10:10:41;;92;;;;;;;;;;
05/09/2019;SOLIDARITES INTERNATIONAL;ong_internatio;pooled_fund;;tanganyika;nyemba;tundwa;Intervention en EHA et Abri pour répondre aux besoins multisectoriels générés par des conflits et mouvements de retour dans les zones de retour de la zone de santé de Nyemba, Territoire de Kalemie Province du Tanganyika;1682;2100;1900;6000;4000;;NaN;581000;$US_projet;;accompagnement assistance_en__4;0;0;1;0;0;0;1;0;0;0;0;planifi;;;;;;;;;;;;;;;;;;;Jean-Claude MULENGEZI;kal.rp.eha.abri@solidarites-rdc.org;243 812 335 989;vBi33PnLtfSLCFW7wLUgsr;7189660;72c4c4ab-602a-46fd-ab8a-0fd14035e09b;2019-10-05T10:27:24;;93;retourn_s autochtones_vu;0;1;0;0;0;0;0;1;0
