ID;Date du rapport;Acteur/Organisation de mise en oeuvre;Type d'organisation;Bailleurs de fonds;Autres bailleurs;Province;Zone de sante;Aire de sante;Titre du projet;Nombre de menages cibles par le projet;Nombre de femmes ciblees par le projet;Nombre d'hommes cibles par le projet;Nombre d'enfants cibles par le projet;Nombre d'adultes cibles par le projet;Nombre de personnes agees ciblees par le projet;Total personnes ciblees par le projet;Montant total du projet;Devise du projet;Si autre, merci de donner la devise;Type d'intervention/Indicateurs;Assistance en abris d’urgence;Assistance en construction locale;Accompagnement et formation technique;Assistance avec une mise a niveau des maisons des personnes non-deplacees;Assistance en abris collectif ou centre collectif construit ou rehabilite;Assistance en loyer (surtout en milieu urbain);Assistance en rehabilitation de maisons (retournes volontaires);Assistance en securisation fonciere;Construction/rehabilitation de latrines familiales;Construction d'abris et de latrines familiales accessibles aux personnes avec handicap;Appui en baches;Statut;Modalite;M_canisme_de_distribution_espece;M_canisme_de_distrib_oupon_march_ouvert;M_canisme_de_distribution_coupon_foire;Mecanisme_de_distribution_mix;Mecanisme_de_distribution_mix/nature;Mecanisme_de_distribution_mix/especes__direc;Mecanisme_de_distribution_mix/especes__en_ag;Mecanisme_de_distribution_mix/compte_bancair;Mecanisme_de_distribution_mix/cheque;Mecanisme_de_distribution_mix/carte_de_retra;Mecanisme_de_distribution_mix/carte_prepayee;Mecanisme_de_distribution_mix/argent_mobile_;Mecanisme_de_distribution_mix/coupon_papier;Mecanisme_de_distribution_mix/coupon_electro;Mecanisme_de_distribution_mix/autre;Mecanisme_de_distribution_mix/especes_agence_m;Mecanisme_de_distribution_mix/compte_bancair_m;Mecanisme_de_distribution_mix/cheque_m;Mecanisme_de_distribution_mix/carte_retrait_m;Mecanisme_de_distribution_mix/carte_prepayee_m;Mecanisme_de_distribution_mix/argent_mobile_m;Type_de_transfert;Nom_du_fournisseur_d_services_financiers;Nom ville/village;Nom du site/quartier;Coordonnees;Latitude;Longitude;Nombre de menages couverts;Nombre de filles 0-17 ans;Nombre de garcons 0-17 ans;Nombre de femmes 18-59 ans;Nombre d'hommes 18-59 ans;Nombre de femmes 60+ ans;Nombre d'hommes 60+ ans;Nombre total de personnes couvertes;Nombre de personnes handicapees femmes;Nombre de personnes handicapees hommes;Type de beneficiaires;Deplaces internes;Retournes;Relocalises;Expulses;Familles d'accueil;Rapatries spontanes;Rapatries organises;Non deplaces/autochtones vulnerables;Victimes de catastrophes;Montant total couvrant l'activite rapportee;Si la modalite est mixte, montant delivre par modalite;Mixte/Nature;Mixte/Especes_direct;Mixte/Especes_en_agence;Mixte/Compte_bancaire;Mixte/Cheque;Mixte/Carte_de_retrait;Mixte/Carte_prepayee;Mixte/Argent_mobile_mobile_money;Mixte/Coupon_papier;Mixte/Coupon_electronique;Mixte/Autre;Devise;Si_autre_merci_de_donner_la_devise;Date de debut de l'activite rapportee;Date_de_fin_de_l_activit_rapport_e;Zsante;zscode;Territoire;tercode;Province;procode;Cibles PRH par territoire
6031910;2019-06-13;AIDES;ong_nationale;pooled_fund;;nord kivu;oicha;mabasele;Appui multisectoriel aux communautés vulnérables affectées par les conflits dans les villes de Beni et Oicha;350;1798;1745;2468;955;120;7086;822239;$US_projet;;assistance_en__1 accompagnement assistance_en__5 construction_r;0;1;1;0;0;0;0;1;1;0;0;planifi;;;;;;;;;;;;;;;;;;;;;;;;;;;;;;;;;;;;;;;;;;;;;;;;;;;;;;;;;;;;;;;;;;;Oicha;CD6107ZS06;Oicha;CD6107;Nord-Kivu;CD61;19205,19716
6031996;2019-06-14;OIM;nations_unies;autres;SUEDE (SIDA);tanganyika;kalemie;nyemba;CCCM, direct life-saving and protection assistance for affected populations in displacement sites in Eastern DRC;1000;600;400;;;;5000;;;;assistance_en_ accompagnement assistance_en__2 construction_r appui_en_b_che;1;0;1;0;1;0;0;0;1;0;1;compl_t;nature;;;;;;;;;;;;;;;;;;;;;;;;KIKUMBE, KALUNGA, ELIYA, KABEMBE, MUKUKU,;KIKUMBE, KALUNGA, ELIYA, KABEMBE, MUKUKU,;-5.839743 29.151714 0 0;-5,839743;29,151714;1902;2510;1711;3423;2283;912;570;11409;34;23;d_plac_s_inter;1;0;0;0;0;0;0;0;0;117000;;;;;;;;;;;;;_us;;2018-04-01;2019-03-31;Kalemie;CD7402ZS01;Kalemie;CD7402;Tanganyika;CD74;113840
6032668;2019-06-14;OIM;nations_unies;autres;CANADA;tanganyika;kalemie;nyemba;Emergency Response to the displacement crises in Eastern DRC;1100;660;440;;;;5500;;;;assistance_en_ accompagnement assistance_en__2 construction_r appui_en_b_che;1;0;1;0;1;0;0;0;1;0;1;compl_t;nature;;;;;;;;;;;;;;;;;;;;;;;;KALUNGA, KABEMBE, MUKUKU, KIKUMBE, KATANIKA;KALUNGA, KABEMBE, MUKUKU, KIKUMBE, KATANIKA;-5.88474 29.21494 0 0;-5,88474;29,21494;2657;2920;1990;3985;2655;1060;660;13270;8;6;d_plac_s_inter retourn_s;1;1;0;0;0;0;0;0;0;128700;;;;;;;;;;;;;_us;;2018-04-01;2019-02-28;Kalemie;CD7402ZS01;Kalemie;CD7402;Tanganyika;CD74;
6032839;2019-06-14;OIM;nations_unies;usaid_ofda;;tanganyika;kalemie;nyemba;RAPID Fund for Eastern DRC;1500;;;;;;7500;;;;assistance_en_ accompagnement appui_en_b_che;1;0;1;0;0;0;0;0;0;0;1;compl_t;nature;;;;;;;;;;;;;;;;;;;;;;;;Kikumbe, Eliya, Kalunga, Mwaka;Kikumbe, Eliya, Kalunga, Mwaka;-5.967865 28.963476 0 0;-5,967865;28,963476;1007;1105;755;1510;1005;400;250;5025;3;2;d_plac_s_inter;1;0;0;0;0;0;0;0;0;117819;;;;;;;;;;;;;_us;;2018-08-20;2019-06-14;Kalemie;CD7402ZS01;Kalemie;CD7402;Tanganyika;CD74;
6031945;2019-06-14;AIDES;ong_nationale;pooled_fund;;nord kivu;oicha;tenambo;Appui multisectoriel aux communautés vulnérables affectées par les conflits dans les villes de Beni et Oicha;350;1798;1745;2468;955;120;7086;822239;$US_projet;;assistance_en__1 accompagnement assistance_en__5 construction_r;0;1;1;0;0;0;0;1;1;0;0;planifi;;;;;;;;;;;;;;;;;;;;;;;;;;;;;;;;;;;;;;;;;;;;;;;;;;;;;;;;;;;;;;;;;;;Oicha;CD6107ZS06;Oicha;CD6107;Nord-Kivu;CD61;
6097888;2019-06-17;PPSSP;ong_nationale;autres;MInistère Allemend des Affaires Etrangères en Partenariat avec DIAKONIE;ituri;lita;loga;Assistance Humanitaire Multisectoriel et Cash en Faveur des Populations Affectées par les conflits armés dans les Territoires de Djugu, Irumu et Béni, Province de l'Ituri et Nord - Kivu à l'Est de la République Démocratique du Congo;700;;;;;;3500;;;;assistance_en_;1;;;;;;;;;;;compl_t;nature;;;;;;;;;;;;;;;;;;;;;;;;LONA;LONA;;2,19838;30,966912;38;56;48;60;50;10;5;229;3;1;retourn_s;0;1;0;0;0;0;0;0;0;22800;;;;;;;;;;;;;_us;;2019-04-22;2019-05-26;Lita;CD5405ZS08;Djugu;CD5405;Iturie;CD54;
6079817;2019-06-18;AIRD;ong_internatio;UNHCR;;tanganyika;kalemie;makala;CONSTRUCTION DE 600 ABRIS LOCAUX DANS LE TERRITOIRE DE TANGANYIKA;600;;;;;;3000;;;;assistance_en__1;0;1;0;0;0;0;0;0;0;0;0;compl_t;mixte;0;0;0;0;1;1;0;0;0;0;0;0;0;0;0;0;0;;;;;;;MAKALA;MAKALA;;;;170;303;317;162;142;28;29;981;0;0;retourn_s;0;1;0;0;0;0;0;0;0;70000;;330;80;;;;;;;;;;_us;;2018-11-01;2019-06-10;Kalemie;CD7402ZS01;Kalemie;CD7402;Tanganyika;CD74;
6079869;2019-06-18;OIM;nations_unies;CERF;;nord kivu;kirotshe;rubaya;Contribuer à la protection des déplacés affectés par la crise dans  la Province du Nord Kivu à travers le soutien au processus de relocalisation et l’accompagnement au retour vers leurs zones d’origine;;;;;;;;;;;assistance_en__1 accompagnement construction_r;1;;1;;;;;;;;;compl_t;nature;;;;;;;;;;;;;;;;;;;;;;;;KIBABI;KIBABI POLICE;-1.548559 28.833689 0 0;-1,548559;28,833689;324;332;357;336;258;26;55;1364;0;0;d_plac_s_inter;1;0;0;0;0;0;0;0;0;37908;;;;;;;;;;;;;_us;;2018-09-03;2019-10-10;Kirotshe;CD6103ZS02;Masisi;CD6103;Nord-Kivu;CD61;
6093007;2019-06-19;OIM;nations_unies;CERF;;nord kivu;masisi;muheto;Contribuer à la protection des déplacés affectés par la crise dans  la Province du Nord Kivu à travers le soutien au processus de relocalisation et l’accompagnement au retour vers leurs zones d’origine;;;;;;;;;;;;1;;1;;;;;;;;;compl_t;nature;;;;;;;;;;;;;;;;;;;;;;;;MUHETO;MUHETO;-1.334564 28.94455 0 0;-1,334564;28,94455;329;579;571;539;199;55;46;1989;0;0;d_plac_s_inter;1;0;0;0;0;0;0;0;0;38493;;;;;;;;;;;;;_us;;2018-09-10;2018-11-07;Masisi;CD6103ZS03;Masisi;CD6103;Nord-Kivu;CD61;37766
6093008;2019-06-19;OIM;nations_unies;CERF;;nord kivu;kirotshe;murambi;Contribuer à la protection des déplacés affectés par la crise dans  la Province du Nord Kivu à travers le soutien au processus de relocalisation et l’accompagnement au retour vers leurs zones d’origine;;;;;;;;;;;;1;;;;;;;;;;;compl_t;nature;;;;;;;;;;;;;;;;;;;;;;;;KIKOMA;KIKOMA, KIBUNDI et KAKOKA;-1.554083 28.68105 0 0;-1,554083;28,68105;2869;5942;3477;4721;1743;464;388;16735;0;0;d_plac_s_inter;1;0;0;0;0;0;0;0;0;312273;;;;;;;;;;;;;_us;;2018-08-15;2018-11-15;Kirotshe;CD6103ZS02;Masisi;CD6103;Nord-Kivu;CD61;
6093009;2019-06-19;OIM;nations_unies;usaid_ofda;;nord kivu;masisi;nyabiondo;Réponse d'Urgence aux Personnes Déplacées internes;;;;;;;;;;;;1;;;;;;;;;;;compl_t;nature;;;;;;;;;;;;;;;;;;;;;;;;NYABYONDO;BUSHANI;-1.31139 28.741554 0 0;-1,31139;28,741554;471;402;365;271;148;56;38;1280;0;0;d_plac_s_inter;1;0;0;0;0;0;0;0;0;55107;;;;;;;;;;;;;_us;;2019-02-14;2019-06-28;Masisi;CD6103ZS03;Masisi;CD6103;Nord-Kivu;CD61;
6093013;2019-06-19;OIM;nations_unies;autres;CANADA;nord kivu;masisi;kitsule;Aide d'urgence pour la protection des personnes déplacées;;;;;;;;;;;;;;;;;;;;;;1;compl_t;nature;;;;;;;;;;;;;;;;;;;;;;;;KATALE;KATALE;3.539738 19.087662 0 0;3,539738;19,087662;1686;1846;1653;1431;764;126;63;5883;0;0;d_plac_s_inter;1;0;0;0;0;0;0;0;0;35406;;;;;;;;;;;;;_us;;2018-08-07;2018-08-17;Masisi;CD6103ZS03;Masisi;CD6103;Nord-Kivu;CD61;
6093012;2019-06-19;OIM;nations_unies;usaid_ofda;;nord kivu;bambo;kabizo;Reponse d'urgence pour la protection des personnes déplacés;;;;;;;;;;;;1;;1;;;;;;;;;compl_t;nature;;;;;;;;;;;;;;;;;;;;;;;;TONGO;KABIZO, KANABA et RUSHASHI;-1.163733 29.225747 0 0;-1,163733;29,225747;1800;2408;2262;1592;967;154;130;7513;0;0;d_plac_s_inter;1;0;0;0;0;0;0;0;0;210600;;;;;;;;;;;;;_us;;2019-05-26;2019-07-19;Bambo;CD6111ZS01;Rutshuru;CD6111;Nord-Kivu;CD61;87006
6098339;2019-06-20;OIM;nations_unies;usaid_ofda;;ituri;nizi;heritage;Rapid Assistance Program for Internally Displaced: R.A.P.I.D Fund for Eastern DRC;454;796;566;;;;2270;43130;;;assistance_en_;1;0;0;0;0;0;0;0;0;0;0;compl_t;nature;;;;;;;;;;;;;;;;;;;;;;;;Lindji;Lindji;1.72597451 30.320261 1469.51 0;1,72597451;30,320261;108;79;57;95;60;15;12;318;2;1;d_plac_s_inter;1;0;0;0;0;0;0;0;0;10260;;;;;;;;;;;;;_us;;2019-04-15;2019-05-17;Nizi;CD5405ZS11;Djugu;CD5405;Iturie;CD54;196772
6098339;2019-06-20;OIM;nations_unies;usaid_ofda;;ituri;nizi;heritage;Rapid Assistance Program for Internally Displaced: R.A.P.I.D Fund for Eastern DRC;454;796;566;;;;2270;43130;;;assistance_en_;1;0;0;0;0;0;0;0;0;0;0;compl_t;nature;;;;;;;;;;;;;;;;;;;;;;;;Lindji;Godo1;1.72795624 30.3401843 1542.57 0;1,72795624;30,3401843;108;73;40;100;83;12;9;317;3;1;d_plac_s_inter;1;0;0;0;0;0;0;0;0;10260;;;;;;;;;;;;;_us;;2019-04-15;2019-05-17;Nizi;CD5405ZS11;Djugu;CD5405;Iturie;CD54;
6098339;2019-06-20;OIM;nations_unies;usaid_ofda;;ituri;nizi;heritage;Rapid Assistance Program for Internally Displaced: R.A.P.I.D Fund for Eastern DRC;454;796;566;;;;2270;43130;;;assistance_en_;1;0;0;0;0;0;0;0;0;0;0;compl_t;nature;;;;;;;;;;;;;;;;;;;;;;;;MBUDU;MBUDU;1.72541854 30.3141409 1445 0;1,72541854;30,3141409;66;67;45;43;27;10;6;198;0;0;d_plac_s_inter;1;0;0;0;0;0;0;0;0;6270;;;;;;;;;;;;;_us;;2019-04-15;2019-05-17;Nizi;CD5405ZS11;Djugu;CD5405;Iturie;CD54;
6098340;2019-06-20;OIM;nations_unies;usaid_ofda;;ituri;nizi;ndjanga;Rapid Assistance Program for Internally Displaced: R.A.P.I.D Fund for Eastern DRC;454;796;566;;;;2270;43130;;;assistance_en_;1;0;0;0;0;0;0;0;0;0;0;compl_t;nature;;;;;;;;;;;;;;;;;;;;;;;;Tsé-Lowi;Tsé-Lowi;1.74524727 30.3518369 1574.78 0;1,74524727;30,3518369;6;4;5;6;3;0;0;18;0;0;d_plac_s_inter;1;0;0;0;0;0;0;0;0;570;;;;;;;;;;;;;_us;;2019-04-15;2019-05-17;Nizi;CD5405ZS11;Djugu;CD5405;Iturie;CD54;
6098342;2019-06-20;OIM;nations_unies;usaid_ofda;;ituri;nizi;kambe;Rapid Assistance Program for Internally Displaced: R.A.P.I.D Fund for Eastern DRC;454;796;466;;;;2270;43130;;;assistance_en_;1;0;0;0;0;0;0;0;0;0;0;compl_t;nature;;;;;;;;;;;;;;;;;;;;;;;;Mulabo;MALABO;1.71190389 30.3537829 1497.87 0;1,71190389;30,3537829;12;6;4;8;5;0;0;23;0;0;d_plac_s_inter;1;0;0;0;0;0;0;0;0;1140;;;;;;;;;;;;;_us;;2019-04-15;2019-05-17;Nizi;CD5405ZS11;Djugu;CD5405;Iturie;CD54;
6098343;2019-06-20;OIM;nations_unies;usaid_ofda;;ituri;nizi;ce 39 iga bar;Rapid Assistance Program for Internally Displaced: R.A.P.I.D Fund for Eastern DRC;454;796;566;;;;2270;43130;;;assistance_en_;1;0;0;0;0;0;0;0;0;0;0;compl_t;nature;;;;;;;;;;;;;;;;;;;;;;;;Iga;CECA20;1.72297111 30.3075617 1409.43 0;1,72297111;30,3075617;24;15;12;24;18;2;1;72;0;0;d_plac_s_inter;1;0;0;0;0;0;0;0;0;2280;;;;;;;;;;;;;_us;;2019-04-15;2019-05-17;Nizi;CD5405ZS11;Djugu;CD5405;Iturie;CD54;
6098343;2019-06-20;OIM;nations_unies;usaid_ofda;;ituri;nizi;ce 39 iga bar;CCCM, direct life-saving and protection assistance for affected populations in displacement sites in East and West DRC;500;876;624;;;;1500;47500;;;assistance_en_;1;0;0;0;0;0;0;0;0;0;0;compl_t;nature;;;;;;;;;;;;;;;;;;;;;;;;Iga;CECA20;1.72058528 30.3108831 1403.18 0;1,72058528;30,3108831;20;15;13;17;10;3;2;60;0;0;d_plac_s_inter;1;0;0;0;0;0;0;0;0;1900;;;;;;;;;;;;;_us;;2019-03-04;2019-03-29;Nizi;CD5405ZS11;Djugu;CD5405;Iturie;CD54;
6098343;2019-06-20;OIM;nations_unies;usaid_ofda;;ituri;nizi;ce 39 iga bar;CCCM, direct life-saving and protection assistance for affected populations in displacement sites in East and West DRC;500;876;624;;;;1500;47500;;;assistance_en_;1;0;0;0;0;0;0;0;0;0;0;compl_t;nature;;;;;;;;;;;;;;;;;;;;;;;;IGA;INSTITUT IGA;1.72058528 30.3108831 0 0;1,72058528;30,3108831;14;15;10;10;6;0;0;41;0;0;d_plac_s_inter;1;0;0;0;0;0;0;0;0;1330;;;;;;;;;;;;;_us;;2019-03-04;2019-03-28;Nizi;CD5405ZS11;Djugu;CD5405;Iturie;CD54;
6098343;2019-06-20;OIM;nations_unies;usaid_ofda;;ituri;nizi;ce 39 iga bar;CCCM, direct life-saving and protection assistance for affected populations in displacement sites in East and West DRC;500;876;624;;;;1500;47500;;;assistance_en_;1;0;0;0;0;0;0;0;0;0;0;compl_t;nature;;;;;;;;;;;;;;;;;;;;;;;;IGA;EP TUUNGANE;1.72946264 30.3070923 0 0;1,72946264;30,3070923;33;40;14;21;10;0;0;85;0;0;d_plac_s_inter;1;0;0;0;0;0;0;0;0;3135;;;;;;;;;;;;;_us;;2019-03-04;2019-06-28;Nizi;CD5405ZS11;Djugu;CD5405;Iturie;CD54;
6687490;2019-06-20;AIRD;ong_internatio;UNHCR;;nord ubangi;gbadolite;gbado 1;Assistance et Protection en faveur des Réfugies centrafricains vivant dans le Nord/Sud Ubangui et Bas-uélé;11609;30828;27219;37804;19179;1064;58047;881647;$US_projet;;assistance_en__1;0;1;0;0;0;0;0;0;0;0;0;planifi;;;;;;;;;;;;;;;;;;;;;;;;;;;;;;;;;;;;;;;;;;;;;;;;;;;;;;;;;;;;;;;;;;;Gbadolite;CD4301ZS01;Gbadolite;CD4301;Nord-Ubangi;CD43;0
6089535;2019-06-20;SOLIDARITES INTERNATIONAL;ong_internatio;pooled_fund;;tanganyika;nyemba;tundwa;Intervention en EHA et Abris pour répondre aux besoins multisectoriels générés par les conflits et déplacements dans les zones de retour de la zone de santé de Nyemba, Terriroire de Kalemie Province du Tanganyika;1682;1889;1742;6056;4036;405;14128;581000;$US_projet;;assistance_en__1 accompagnement construction_r;0;1;1;0;0;0;0;0;1;0;0;planifi;;;;;;;;;;;;;;;;;;;;;;;;;;;;;;;;;;;;;;;;;;;;;;;;;;;;;;;;;;;;;;;;;;;Nyemba;CD7402ZS02;Kalemie;CD7402;Tanganyika;CD74;
6098344;2019-06-21;OIM;nations_unies;autres;SIDA;ituri;nizi;kambe;CCCM, direct life-saving and protection assistance for affected populations in displacement sites in Eastern DRC;500;724;515;;;;1500;45000;$US_projet;;assistance_en_;1;0;0;0;0;0;0;0;0;0;0;compl_t;nature;;;;;;;;;;;;;;;;;;;;;;;;MULABO;MALABO;1.71190389 30.3537829 1497.87 0;1,71190389;30,3537829;200;45;55;110;120;14;5;349;0;1;d_plac_s_inter;1;0;0;0;0;0;0;0;0;18000;;;;;;;;;;;;;_us;;2019-03-04;2019-03-28;Nizi;CD5405ZS11;Djugu;CD5405;Iturie;CD54;
6098635;2019-06-21;OIM;nations_unies;autres;SIDA;ituri;nizi;ce 39 iga bar;CCCM, direct life-saving and protection assistance for affected populations in displacement sites in Eastern DRC;500;876;624;;;;1500;45000;$US_projet;;assistance_en_;1;0;0;0;0;0;0;0;0;0;0;compl_t;nature;;;;;;;;;;;;;;;;;;;;;;;;IGA;TUNGANE;1.72297111 30.3075617 1409.43 0;1,72297111;30,3075617;33;30;20;25;15;6;3;99;0;0;d_plac_s_inter;1;0;0;0;0;0;0;0;0;2970;;;;;;;;;;;;;_us;;2019-03-04;2019-03-29;Nizi;CD5405ZS11;Djugu;CD5405;Iturie;CD54;
6098635;2019-06-21;OIM;nations_unies;autres;SIDA;ituri;nizi;ce 39 iga bar;CCCM, direct life-saving and protection assistance for affected populations in displacement sites in Eastern DRC;500;876;624;;;;1500;45000;$US_projet;;assistance_en_;1;0;0;0;0;0;0;0;0;0;0;compl_t;nature;;;;;;;;;;;;;;;;;;;;;;;;IGA;CECA20;1.72297111 30.3075617 1409.43 0;1,72297111;30,3075617;20;20;15;13;10;2;0;60;0;0;d_plac_s_inter;1;0;0;0;0;0;0;0;0;1800;;;;;;;;;;;;;_us;;2019-03-10;2019-06-17;Nizi;CD5405ZS11;Djugu;CD5405;Iturie;CD54;
6098635;2019-06-21;OIM;nations_unies;autres;SIDA;ituri;nizi;ce 39 iga bar;CCCM, direct life-saving and protection assistance for affected populations in displacement sites in Eastern DRC;500;876;624;;;;1500;45000;$US_projet;;assistance_en_;1;0;0;0;0;0;0;0;0;0;0;compl_t;nature;;;;;;;;;;;;;;;;;;;;;;;;IGA;INSTITUT IGA;1.72058528 30.3108831 1403.18 0;1,72058528;30,3108831;14;12;10;14;6;0;0;42;0;0;d_plac_s_inter;1;0;0;0;0;0;0;0;0;1260;;;;;;;;;;;;;_us;;2019-03-11;2019-03-21;Nizi;CD5405ZS11;Djugu;CD5405;Iturie;CD54;
6098636;2019-06-21;OIM;nations_unies;autres;SIDA;ituri;nizi;ndjanga;CCCM, direct life-saving and protection assistance for affected populations in displacement sites in Eastern DRC;500;876;624;;;;1500;45000;$US_projet;;assistance_en_;1;0;0;0;0;0;0;0;0;0;0;compl_t;nature;;;;;;;;;;;;;;;;;;;;;;;;Tsé-lowi;TSE LOWI;;;;86;50;40;86;71;10;0;257;1;0;d_plac_s_inter;1;0;0;0;0;0;0;0;0;7740;;;;;;;;;;;;;_us;;2019-03-04;2019-03-25;Nizi;CD5405ZS11;Djugu;CD5405;Iturie;CD54;
6098638;2019-06-21;OIM;nations_unies;autres;SIDA;ituri;nizi;lopa;CCCM, direct life-saving and protection assistance for affected populations in displacement sites in Eastern DRC;500;876;624;;;;1500;45000;$US_projet;;assistance_en_;1;0;0;0;0;0;0;0;0;0;0;compl_t;nature;;;;;;;;;;;;;;;;;;;;;;;;HUNGBE;Mont-Tsi;1.72795624 30.3401843 0 0;1,72795624;30,3401843;65;50;30;65;43;5;2;195;0;0;d_plac_s_inter;1;0;0;0;0;0;0;0;0;5850;;;;;;;;;;;;;_us;;2019-03-04;2019-03-20;Nizi;CD5405ZS11;Djugu;CD5405;Iturie;CD54;
6098638;2019-06-21;OIM;nations_unies;autres;SIDA;ituri;nizi;lopa;CCCM, direct life-saving and protection assistance for affected populations in displacement sites in Eastern DRC;500;876;624;;;;1500;45000;$US_projet;;assistance_en_;1;0;0;0;0;0;0;0;0;0;0;compl_t;nature;;;;;;;;;;;;;;;;;;;;;;;;HUNGBE;GODO2;1.72795624 30.3401843 0 0;1,72795624;30,3401843;70;30;40;70;50;10;7;207;3;0;d_plac_s_inter;1;0;0;0;0;0;0;0;0;6300;;;;;;;;;;;;;_us;;2019-06-03;2019-06-20;Nizi;CD5405ZS11;Djugu;CD5405;Iturie;CD54;
6167975;2019-06-25;ACTED;ong_internatio;pooled_fund;;haut katanga;pweto;kasama;Assistance multisectorielle au profit des populations déplacées, retournées et hôtes affectées par les conflits dans le territoire de Pweto, Haut Katanga;900;2370;2278;2716;1750;182;4648;89612;$US_projet;;assistance_en_;1;0;0;0;0;0;0;0;0;0;0;compl_t;nature;;;;;;;;;;;;;;;;;;;;;;;;Kamabange (Axe Pweto-Kasama);Kamabange;-8.470947 28.906358 0 0;-8,470947;28,906358;900;1310;1406;967;783;93;89;4648;9;15;d_plac_s_inter;1;0;0;0;0;0;0;0;0;89612;;;;;;;;;;;;;_us;;2018-07-15;2019-06-25;Pweto;CD7109ZS02;Pweto;CD7109;Haut-Katanga;CD71;13760
6168298;2019-06-26;ACTED;ong_internatio;pooled_fund;;haut katanga;pweto;santé;Appui au renforcement des capacités de résilience des populations les plus vulnérables dans les provinces du Tanganyika et Haut Katanga à travers une approche multisectorielle holistique;1075;2950;3500;3800;2650;150;6450;322500;$US_projet;;assistance_en__1;0;1;0;0;0;0;0;0;0;0;0;planifi;;;;;;;;;;;;;;;;;;;;;;;;;;;;;;;;;;;;;;;;;;;;;;;;;;;;;;;;;;;;;;;;;;;Pweto;CD7109ZS02;Pweto;CD7109;Haut-Katanga;CD71;
6179070;2019-06-27;Concern;ong_internatio;usaid_ofda;;tanganyika;kabalo;kamubangwa;Assistance humanitaire aux personnes déplacées et retournées dans la province de Tanganyika;382;134;221;;355;27;1410;22920;$US_projet;;assistance_en_ assistance_en__1;1;1;0;0;0;0;0;0;0;0;0;planifi;;;;;;;;;;;;;;;;;;;;;;;;;;;;;;;;;;;;;;;;;;;;;;;;;;;;;;;;;;;;;;;;;;;Kabalo;CD7407ZS01;Kabalo;CD7407;Tanganyika;CD74;22578,67108
6179071;2019-06-27;Concern;ong_internatio;usaid_ofda;;tanganyika;kabalo;katutu;Assistance humanitaire aux personnes déplacées et retournées dans le Tanganyika;137;48;79;;127;10;685;;$US_projet;;assistance_en_ assistance_en__1;1;1;0;0;0;0;0;0;0;0;0;planifi;;;;;;;;;;;;;;;;;;;;;;;;;;;;;;;;;;;;;;;;;;;;;;;;;;;;;;;;;;;;;;;;;;;Kabalo;CD7407ZS01;Kabalo;CD7407;Tanganyika;CD74;
6179072;2019-06-27;Concern;ong_internatio;usaid_ofda;;tanganyika;kabalo;kibula;Assistance humanitaire aux personnes déplacées et retournées dans la province de Tanganyika;242;85;140;;225;17;1210;14520;$US_projet;;assistance_en_ assistance_en__1 assistance_en__4;1;1;0;0;0;0;1;0;0;0;0;planifi;;;;;;;;;;;;;;;;;;;;;;;;;;;;;;;;;;;;;;;;;;;;;;;;;;;;;;;;;;;;;;;;;;;Kabalo;CD7407ZS01;Kabalo;CD7407;Tanganyika;CD74;
6179073;2019-06-27;Concern;ong_internatio;usaid_ofda;;haut lomami;lwamba;kabumbulu;Assistance humanitaire aux personnes déplacées et retournées;239;84;138;222;;17;1195;6692;$US_projet;;assistance_en__4;0;0;0;0;0;0;1;0;0;0;0;planifi;;;;;;;;;;;;;;;;;;;;;;;;;;;;;;;;;;;;;;;;;;;;;;;;;;;;;;;;;;;;;;;;;;;Lwamba;CD7305ZS02;Malemba-Nkulu;CD7305;Haut-Lomami;CD73;168,3488694
6179074;2019-06-27;Concern;ong_internatio;usaid_ofda;;haut lomami;lwamba;kilumba ngoy;Assistance humanitaire aux personnes déplacées et retiournées;138;46;82;;130;10;690;3864;$US_projet;;assistance_en__4;0;0;0;0;0;0;1;0;0;0;0;planifi;;;;;;;;;;;;;;;;;;;;;;;;;;;;;;;;;;;;;;;;;;;;;;;;;;;;;;;;;;;;;;;;;;;Lwamba;CD7305ZS02;Malemba-Nkulu;CD7305;Haut-Lomami;CD73;
6177147;2019-06-27;Concern;ong_internatio;usaid_ofda;;tanganyika;nyunzu;muhuya;Assistance humanitaire aux personnes déplacées et retournées dans la province de Tanganyika;576;202;334;;334;40;2880;71998;$US_projet;;assistance_en_;1;0;0;0;0;0;0;0;0;0;0;planifi;;;;;;;;;;;;;;;;;;;;;;;;;;;;;;;;;;;;;;;;;;;;;;;;;;;;;;;;;;;;;;;;;;;Nyunzu;CD7410ZS01;Nyunzu;CD7410;Tanganyika;CD74;40452,33952
6179075;2019-06-27;Concern;ong_internatio;usaid_ofda;;tanganyika;nyunzu;masamba;Assistance Humanitaire aux personnes déplacées et retournées dans la province de Tanganyika;250;88;144;;232;18;1250;15000;$US_projet;;assistance_en__1 assistance_en__4;0;1;0;0;0;0;1;0;0;0;0;planifi;;;;;;;;;;;;;;;;;;;;;;;;;;;;;;;;;;;;;;;;;;;;;;;;;;;;;;;;;;;;;;;;;;;Nyunzu;CD7410ZS01;Nyunzu;CD7410;Tanganyika;CD74;
6179067;2019-06-27;Concern;ong_internatio;usaid_ofda;;haut katanga;pweto;santé;Assistance humanitaire aux personnes déplacées et retournées dans la province de Tanganyika;135;47;78;;78;10;675;3780;$US_projet;;assistance_en_;1;0;0;0;0;0;0;0;0;0;0;planifi;;;;;;;;;;;;;;;;;;;;;;;;;;;;;;;;;;;;;;;;;;;;;;;;;;;;;;;;;;;;;;;;;;;Pweto;CD7109ZS02;Pweto;CD7109;Haut-Katanga;CD71;
6179068;2019-06-27;Concern;ong_internatio;usaid_ofda;;haut katanga;pweto;kapulo;Assistance humanitaire aux personnes déplacées et retournées dans la province de Tanganyika;224;78;130;;208;16;1120;6272;$US_projet;;assistance_en_ assistance_en__4;1;0;0;0;0;0;1;0;0;0;0;planifi;;;;;;;;;;;;;;;;;;;;;;;;;;;;;;;;;;;;;;;;;;;;;;;;;;;;;;;;;;;;;;;;;;;Pweto;CD7109ZS02;Pweto;CD7109;Haut-Katanga;CD71;
6179069;2019-06-27;Concern;ong_internatio;usaid_ofda;;haut katanga;pweto;chalanshi;Assistance humanitaire aux personnes déplacées et retournées dans la province de Tanganyika;141;49;82;;131;10;705;3948;$US_projet;;assistance_en__4;0;0;0;0;0;0;1;0;0;0;0;planifi;;;;;;;;;;;;;;;;;;;;;;;;;;;;;;;;;;;;;;;;;;;;;;;;;;;;;;;;;;;;;;;;;;;Pweto;CD7109ZS02;Pweto;CD7109;Haut-Katanga;CD71;
6201396;2019-07-01;ADRA;ong_internatio;pooled_fund;;kasai;kamwesha;lunyeka;Appui multisectoriel à la résilience des populations vulnérables affectées par les conflits dans la zone de santé de Kamwesha'';500;445;27;5;472;23;2500;187000;$US_projet;;assistance_en__1 construction_r;0;1;0;0;0;0;0;0;1;0;0;compl_t;nature;;;;;;;;;;;;;;;;;;;;;;;;Aires de santé ciblées: Masangu 4, Mayimunene, Kabelekese, Mutumba, Katshiumu, Lunyeka, Katumba, Lungonzo & Kalumbu;150 villages  (fichier Excel);;;;500;700;600;500;450;150;100;2500;0;1;d_plac_s_inter retourn_s familles_d_acc autochtones_vu;1;1;0;0;1;0;0;1;0;187000;;;;;;;;;;;;;_us;;2018-11-01;2020-10-30;Kamwesha;CD9202ZS03;Kamonia;CD9202;Kasai;CD92;124294
6238456;2019-07-02;PPSSP;ong_nationale;autres;DIAKONIE KATASTROPHENHILPHE;ituri;lita;lita;Assistance humanitaire multisectorielle et CASH en faveur des populations affectées par les conflits armés dans les territoires de Djugu, Irumu et Beni, provinces de l’Ituri et du Nord Kivu à l’Est de la R.D.Congo;1851;1579;1251;6839;3430;334;2830;3300000;euro_projet;;int_gration_de;0;1;0;0;0;0;0;0;0;1;0;compl_t;nature;;;;;;;;;;;;;;;;;;;;;;;;TSILO;TSILO;1.667455 30.365888 0 0;1,667455;30,365888;13;200;171;69;69;4;2;515;2;0;retourn_s;0;1;0;0;0;0;0;0;0;7510;;;;;;;;;;;;;_us;;2019-05-28;2019-06-29;Lita;CD5405ZS08;Djugu;CD5405;Iturie;CD54;
6230161;2019-07-04;AIRD;nations_unies;UNHCR/CERF;;tanganyika;kiambi;sange;Assistance en abris et amelioration de l'accès aux biens et services essentielles pour les populations deplacées et retournées dans les provinces du Kasai et du Tanganyika;210;;;;;;1050;;;;assistance_en__1 accompagnement assistance_en__4 construction_r int_gration_de;0;1;1;0;0;0;1;0;1;1;0;planifi;;;;;;;;;;;;;;;;;;;;;;;;;;;;;;;;;;;;;;;;;;;;;;;;;;;;;;;;;;;;;;;;;;;Kiyambi;CD7406ZS02;Manono;CD7406;Tanganyika;CD74;42175,45614
6230201;2019-07-04;AIRD;ong_internatio;UNHCR/CERF;;tanganyika;kiambi;mbayo;Assistance en abris et amelioration de l'accès aux biens et services essentielles pour les populations deplacées et retournées dans les provinces du Kasai et du Tanganyika;120;;;;;;600;;;;assistance_en__1 accompagnement construction_r int_gration_de;0;1;1;0;0;0;0;0;1;1;0;planifi;;;;;;;;;;;;;;;;;;;;;;;;;;;;;;;;;;;;;;;;;;;;;;;;;;;;;;;;;;;;;;;;;;;Kiyambi;CD7406ZS02;Manono;CD7406;Tanganyika;CD74;
6270229;2019-07-05;AIRD;ong_internatio;UNHCR;;tanganyika;nyemba;tundwa;CONSTRUCTION DE 600 ABRIS LOCAUX DANS LE TERRITOIRE DE TANGANYIKA;600;216;384;2273;1025;144;3442;247000;$US_projet;;assistance_en__1 accompagnement;0;1;1;0;0;0;0;0;0;0;0;compl_t;mixte;;;;nature especes__direc;1;1;0;0;0;0;0;0;0;0;0;;;;;;;transfert_cond;;SANGO MALUMBI;SANGO MALUMBI;;;;250;508;509;252;196;25;29;1519;0;0;retourn_s;0;1;0;0;0;0;0;0;0;102900;;330;80;;;;;;;;;;_us;;2019-01-01;2019-06-30;Nyemba;CD7402ZS02;Kalemie;CD7402;Tanganyika;CD74;
6270230;2019-07-05;AIRD;ong_internatio;UNHCR;;tanganyika;kalemie;makala;CONSTRUCTION DE 600 ABRIS LOCAUX DANS LE TERRITOIRE DE KALEMIE;600;216;384;2273;1025;144;3442;247000;$US_projet;;assistance_en__1 accompagnement;0;1;1;0;0;0;0;0;0;0;0;compl_t;mixte;;;;nature especes__direc;1;1;0;0;0;0;0;0;0;0;0;;;;;;;transfert_cond;;MAKALA;MAKALA;;;;170;303;317;162;142;28;29;981;0;0;retourn_s;0;1;0;0;0;0;0;0;0;70000;;300;80;;;;;;;;;;_us;;2019-01-01;2019-06-30;Kalemie;CD7402ZS01;Kalemie;CD7402;Tanganyika;CD74;
6270234;2019-07-05;AIRD;ong_internatio;UNHCR;;tanganyika;nyemba;tundwa;CONSTRUCTION DE 600 ABRIS LOCAUX DANS LE TERRITOIRE DE KALEMIE;600;216;384;2273;1025;144;3442;247000;$US_projet;;assistance_en__1 accompagnement;0;1;1;0;0;0;0;0;0;0;0;compl_t;mixte;;;;nature especes__direc;1;1;0;0;0;0;0;0;0;0;0;;;;;;;cash_for_work;;BIBMBWI;BIMBWI;;;;138;249;271;111;100;10;20;761;0;0;retourn_s;0;1;0;0;0;0;0;0;0;56800;;330;80;;;;;;;;;;_us;;2019-01-01;2019-06-30;Nyemba;CD7402ZS02;Kalemie;CD7402;Tanganyika;CD74;
6270251;2019-07-05;AIRD;ong_internatio;UNHCR;;tanganyika;nyemba;tundwa;CONSTRUCTION DE 600 ABRIS LOCAUX DANS LE TERRITOIRE DE KALEMIE;600;216;384;2273;1025;144;3442;247000;$US_projet;;assistance_en__1 accompagnement;0;1;1;0;0;0;0;0;0;0;0;compl_t;mixte;;;;nature especes__direc;1;1;0;0;0;0;0;0;0;0;0;;;;;;;cash_for_work;;DJUMA KIDJUNDO;DJUMA KIDJUNDO;;;;42;64;51;31;31;2;1;180;0;0;retourn_s;0;1;0;0;0;0;0;0;0;17300;;330;80;;;;;;;;;;_us;;2019-01-01;2019-06-30;Kalemie;CD7402ZS01;Kalemie;CD7402;Tanganyika;CD74;
6263378;2019-07-09;Caritas International Belgique;ong_internatio;autres;DGD - Direction Générale de la Coopération belge au développement - Aide d'Urgence;mongala;lolo;lundu;Programme d’appui à la Résilience des populations vulnérables aux Risques des Catastrophes (PRRC);2000;;;;;;10000;1977357;euro_projet;;assistance_en__1;0;1;0;0;0;0;0;0;0;0;0;compl_t;nature;;;;;;;;;;;;;;;;;;;;;;;;Konga (Adi-Bondaba) dans la ZS de Lisala, dans la ZS Lolo : Lundu, Loloka et Ekama;Konga (Adi-Bondaba) dans la ZS de Lisala, dans la ZS Lolo : Lundu (Lundu Beach), Loloka et Ekama (Yalindiko et Pai-Pai);;;;109;144;124;157;144;46;39;654;0;0;relocalis_s victimes_de_ca;0;0;1;0;0;0;0;0;1;26000;;;;;;;;;;;;;euro;;2018-02-01;2019-01-31;Lolo;CD4404ZS02;Bumba;CD4404;Mongala;CD44;0
6439037;2019-07-24;CROIX-ROUGE DE LA RDC;mouvement_croi;autres;FICR;mai ndombe;yumbi;bongende;DREF Mouvement de Population en RDC/Yumbi MDRCD029;720;1872;1728;;;;3600;263000;$US_projet;;assistance_en_ accompagnement;1;0;1;0;0;0;0;0;0;0;0;compl_t;nature;;;;;;;;;;;;;;;;;;;;;;;;Bongende;Bongende;-2.033589 16.428902 0 0;-2,033589;16,428902;36;54;36;40;-36;7;9;110;0;0;retourn_s;0;1;0;0;0;0;0;0;0;9144;;;;;;;;;;;;;_us;;2019-02-07;2019-06-28;Yumbi;CD3310ZS01;Yumbi;CD3310;Mai-Ndombe;CD33;0
6447882;2019-07-29;CROIX-ROUGE  DE LA RDC;mouvement_croi;autres;FICR;mai ndombe;yumbi;nkolo yoka;DREF Mouvement des populations en RDC/ Yumbi MDRCD029;720;1872;1728;;;;3600;263000;$US_projet;;assistance_en_ accompagnement;1;0;1;0;0;0;0;0;0;0;0;compl_t;nature;;;;;;;;;;;;;;;;;;;;;;;;Nkolo Yoka;Nkolo Yoka;-1.991695 16.467063 0 0;-1,991695;16,467063;47;70;58;47;35;15;10;235;1;0;d_plac_s_inter;1;0;0;0;0;0;0;0;0;12408;;;;;;;;;;;;;_us;;2019-02-07;2019-06-28;Yumbi;CD3310ZS01;Yumbi;CD3310;Mai-Ndombe;CD33;
6447984;2019-07-29;CROIX-ROUGE DE LA RDC;mouvement_croi;autres;FICR;mai ndombe;yumbi;mission catholique;DREF Mouvement des populations en RDC /Yumbi MDRCD029;720;1872;1728;;;;3600;263000;$US_projet;;assistance_en_ accompagnement;1;0;1;0;0;0;0;0;0;0;0;compl_t;nature;;;;;;;;;;;;;;;;;;;;;;;;Yumbi Mission;Yumbi Mission;-1.900321 16.555806 0 0;-1,900321;16,555806;484;726;605;484;363;145;97;2420;12;6;d_plac_s_inter retourn_s familles_d_acc;1;1;0;0;1;0;0;0;0;127776;;;;;;;;;;;;;_us;;2019-02-07;2019-06-28;Yumbi;CD3310ZS01;Yumbi;CD3310;Mai-Ndombe;CD33;
6610614;2019-08-07;AIDES;ong_nationale;UNHCR;;nord kivu;kibirizi;nyanzale;ASSISTANCE EN ABRIS AUX PERSONNES DEPLACEES INTERNES ET RETOURNEES AU NORD KIVU;2700;7020;6480;8168;4725;607;13500;1020412;$US_projet;;assistance_en__1 construction_r;0;1;0;0;0;0;0;0;1;0;0;compl_t;mixte;;;;nature argent_mobile_m;1;0;0;0;0;0;0;1;0;0;0;transfert_cond;;;;;;;;NYANZALE;ACTIONS ET INTERVENTIONS POUR LE DEVELOPPEMENT ET L'ENCADREMENT SOCIAL;;;;62;144;124;59;48;7;7;389;0;0;retourn_s autochtones_vu;0;1;0;0;0;0;0;1;0;16430;;9796;;;;;;;;;;;_us;;2019-01-01;2019-08-11;Kibirizi;CD6111ZS04;Rutshuru;CD6111;Nord-Kivu;CD61;
6694528;2019-08-22;AIRD;ong_internatio;UNHCR;;tanganyika;kalemie;nyemba;Appui logistique, Gestion des entrepôts et construction des abris et infrastructures;138;400;290;200;300;190;690;146703;$US_projet;;assistance_en__1;0;1;0;0;0;0;0;0;0;0;0;compl_t;nature;;;;;;;;;;;;;;;;;;;;;;;;Bimbwi;Bimbwi;-6.238474 27.589637 0 0;-6,238474;27,589637;138;120;80;200;100;100;90;690;0;0;retourn_s;0;1;0;0;0;0;0;0;0;63083;;;;;;;;;;;;;_us;;2019-08-20;2019-07-31;Kalemie;CD7402ZS01;Kalemie;CD7402;Tanganyika;CD74;
6688582;2019-08-22;AIRD;ong_internatio;UNHCR;;tanganyika;nyemba;tundwa;Appui logistique, Gestion des entrepôts et construction des abris et infrastructures;250;800;450;300;700;250;1250;146703;$US_projet;;assistance_en__1;0;1;0;0;0;0;0;0;0;0;0;compl_t;nature;;;;;;;;;;;;;;;;;;;;;;;;Sango Malumbi;Sango Malumbi;-2.966465 29.151112 0 0;-2,966465;29,151112;250;200;100;500;200;150;100;1250;0;0;retourn_s;0;1;0;0;0;0;0;0;0;35209;;;;;;;;;;;;;_us;;2019-08-20;2019-07-31;Nyemba;CD7402ZS02;Kalemie;CD7402;Tanganyika;CD74;
6694661;2019-08-22;AIRD;ong_internatio;UNHCR;;tanganyika;kalemie;nyemba;Appui logistique, Gestion des entrepôts et construction des abris et infrastructures;210;150;60;60;120;30;210;146703;$US_projet;;assistance_en__1;0;1;0;0;0;0;0;0;0;0;0;compl_t;nature;;;;;;;;;;;;;;;;;;;;;;;;Djuma Kidjundo;Djuma Kidjundo;-5.883523 29.190062 0 0;-5,883523;29,190062;42;40;20;80;40;20;10;210;0;0;retourn_s;0;1;0;0;0;0;0;0;0;10269;;;;;;;;;;;;;_us;;43466;43646;Kalemie;CD7402ZS01;Kalemie;CD7402;Tanganyika;CD74;
6768887;2019-08-29;NRC;ong_internatio;usaid_ofda;;ituri;gety;gety;Assistance intégrée en logement et de protection aux personnes déplacées / rapatriées les plus vulnérables dans les provinces du Nord-Kivu, du Sud-Kivu, du Tanganyika et de l'Ituri en République démocratique du Congo (RDC);15680;;;;;;NaN;;$US_projet;;assistance_en__1 accompagnement assistance_en__5 construction_r;0;1;1;0;0;0;0;1;1;0;0;compl_t;espece;especes_agence;;;;;;;;;;;;;;;transfert_cond;Le Palmier;;;;;;;Kimanda, Zitono, Ndangu.;Kimanda;1.209322 30.174659 0 0;1,209322;30,174659;694;1388;1399;875;701;82;36;4481;16;17;retourn_s;0;1;0;0;0;0;0;0;0;41640;;;;;;;;;;;;;_us;;2019-07-20;2019-07-20;Gety;CD5402ZS03;Irumu;CD5402;Iturie;CD54;
6768763;2019-08-29;NRC;ong_internatio;usaid_ofda;;tanganyika;kalemie;lwanika;Assistance intégrée en logement et de protection aux personnes déplacées / rapatriées les plus vulnérables dans les provinces du Nord-Kivu, du Sud-Kivu, du Tanganyika et de l'Ituri en République démocratique du Congo (RDC);15680;;;;;;NaN;4000000;$US_projet;;assistance_en__1 accompagnement construction_r;0;1;1;0;0;0;0;0;1;0;0;planifi;;;;;;;;;;;;;;;;;;;;;;;;;;;;;;;;;;;;;;;;;;;;;;;;;;;;;;;;;;;;;;;;;;;Kalemie;CD7402ZS01;Kalemie;CD7402;Tanganyika;CD74;
6775051;2019-08-30;NRC;ong_internatio;usaid_ofda;;ituri;gety;chyekele;Assistance intégrée en logement et en protection aux personnes déplacées / rapatriées les plus vulnérables dans les provinces du Nord-Kivu, du Sud-Kivu, du Tanganyika et de l'Ituri en République démocratique du Congo (RDC);9560;;;;;;NaN;4000000;$US_projet;;assistance_en__1 accompagnement assistance_en__5 construction_r;0;1;1;0;0;0;0;1;1;0;0;compl_t;espece;especes_agence;;;;;;;;;;;;;;;transfert_cond;Le Palmier;;;;;;;Kaguma, Koni;Kaguma;1.209093 30.174794 0 0;1,209093;30,174794;407;608;591;253;337;38;32;1859;15;11;retourn_s relocalis_s;0;1;1;0;0;0;0;0;0;24420;;;;;;;;;;;;;_us;;2019-07-20;2019-07-20;Gety;CD5402ZS03;Irumu;CD5402;Iturie;CD54;
6775155;2019-08-30;NRC;ong_internatio;usaid_ofda;;ituri;gety;gety;Assistance intégrée en logement et en protection aux personnes déplacées / rapatriées les plus vulnérables dans les provinces du Nord-Kivu, du Sud-Kivu, du Tanganyika et de l'Ituri en République démocratique du Congo (RDC);9560;;;;;;NaN;4000000;$US_projet;;assistance_en__1 accompagnement assistance_en__5 construction_r;0;1;1;0;0;0;0;1;1;0;0;compl_t;espece;especes_agence;;;;;;;;;;;;;;;transfert_cond;Le Palmier;;;;;;;Munobi, Mbassa, Kakado, Kawangu, Sisa, Tongbe.;Munobi;1.232362 30.135998 0 0;1,232362;30,135998;979;1823;1810;1049;873;128;43;5726;17;13;retourn_s relocalis_s;0;1;1;0;0;0;0;0;0;58740;;;;;;;;;;;;;_us;;2019-07-19;2019-07-20;Gety;CD5402ZS03;Irumu;CD5402;Iturie;CD54;
6775255;2019-08-30;NRC;ong_internatio;usaid_ofda;;ituri;nyankunde;irumu;Assistance intégrée en logement et en protection aux personnes déplacées / rapatriées les plus vulnérables dans les provinces du Nord-Kivu, du Sud-Kivu, du Tanganyika et de l'Ituri en République démocratique du Congo (RDC);9560;;;;;;NaN;4000000;$US_projet;;assistance_en__1 accompagnement assistance_en__5 construction_r;0;1;1;0;0;0;0;1;1;0;0;compl_t;espece;especes_agence;;;;;;;;;;;;;;;transfert_cond;Le Palmier;;;;;;;Irumu centre;Irumu centre;1.452815 29.875146 0 0;1,452815;29,875146;318;763;771;316;288;42;9;2189;11;7;retourn_s relocalis_s;0;1;1;0;0;0;0;0;0;19080;;;;;;;;;;;;;_us;;2019-08-24;2019-08-24;Nyakunde;CD5402ZS05;Irumu;CD5402;Iturie;CD54;
6775207;2019-08-30;NRC;ong_internatio;usaid_ofda;;tanganyika;kalemie;mulange;Assistance intégrée en logement et en protection aux personnes déplacées / rapatriées les plus vulnérables dans les provinces du Nord-Kivu, du Sud-Kivu, du Tanganyika et de l'Ituri en République démocratique du Congo (RDC);9560;;;;;;NaN;4000000;$US_projet;;assistance_en__1 accompagnement assistance_en__5 construction_r;0;1;1;0;0;0;0;1;1;0;0;planifi;;;;;;;;;;;;;;;;;;;;;;;;;;;;;;;;;;;;;;;;;;;;;;;;;;;;;;;;;;;;;;;;;;;Kalemie;CD7402ZS01;Kalemie;CD7402;Tanganyika;CD74;
6775327;2019-08-30;NRC;ong_internatio;usaid_ofda;;tanganyika;nyunzu;mulongo;Assistance intégrée en logement et en protection aux personnes déplacées / rapatriées les plus vulnérables dans les provinces du Nord-Kivu, du Sud-Kivu, du Tanganyika et de l'Ituri en République démocratique du Congo (RDC);9560;;;;;;NaN;4000000;$US_projet;;assistance_en__1 accompagnement assistance_en__5 construction_r;0;1;1;0;0;0;0;1;1;0;0;compl_t;espece;especes_agence;;;;;;;;;;;;;;;transfert_cond;MUNGU AKONKWA;;;;;;;LWELA, MULONGO, MUKWAKA, KALAMBAY, ETIENNE, KABOKOBOKO, KIMBAYO, KATONDO,NKOSWELA, MUTUMBWA, MABUKI I, KAHONGO,  MABILIBILI, KABWILI, BWANA, KAZANA, KISIMA, KALAMBA et KABUNGWE;Mukwaka, Mabilibili;-5.958469 28.013969 0 0;-5,958469;28,013969;2050;0;0;1397;653;0;0;2050;0;0;retourn_s relocalis_s;0;1;1;0;0;0;0;0;0;115380;;;;;;;;;;;;;_us;;2019-08-01;2019-08-01;Nyunzu;CD7410ZS01;Nyunzu;CD7410;Tanganyika;CD74;
6775357;2019-08-30;NRC;ong_internatio;usaid_ofda;;tanganyika;nyunzu;tchangatchanga;Assistance intégrée en logement et en protection aux personnes déplacées / rapatriées les plus vulnérables dans les provinces du Nord-Kivu, du Sud-Kivu, du Tanganyika et de l'Ituri en République démocratique du Congo (RDC);9560;;;;;;NaN;4000000;$US_projet;;assistance_en__1 accompagnement assistance_en__5 construction_r;0;1;1;0;0;0;0;1;1;0;0;compl_t;espece;especes_agence;;;;;;;;;;;;;;;transfert_cond;MUNGU AKONKWA;;;;;;;KINKANYANGA, MABUKI II;KINKANYANGA;-5.958412 28.011106 0 0;-5,958412;28,011106;371;0;0;313;58;0;0;371;0;0;retourn_s relocalis_s;0;1;1;0;0;0;0;0;0;22140;;;;;;;;;;;;;_us;;2019-08-01;2019-08-01;Nyunzu;CD7410ZS01;Nyunzu;CD7410;Tanganyika;CD74;
6775439;2019-08-30;NRC;ong_internatio;usaid_ofda;;tanganyika;nyunzu;lwizi;Assistance intégrée en logement et en protection aux personnes déplacées / rapatriées les plus vulnérables dans les provinces du Nord-Kivu, du Sud-Kivu, du Tanganyika et de l'Ituri en République démocratique du Congo (RDC);9560;;;;;;NaN;4000000;$US_projet;;assistance_en__1 accompagnement assistance_en__5 construction_r;0;1;1;0;0;0;0;1;1;0;0;compl_t;espece;especes_agence;;;;;;;;;;;;;;;transfert_cond;MUNGU AKONKWA;;;;;;;KASONGO;KASONGO;-5.958241 28.01325 0 0;-5,958241;28,01325;142;0;0;116;20;4;2;142;0;0;retourn_s relocalis_s;0;1;1;0;0;0;0;0;0;8520;;;;;;;;;;;;;_us;;2019-08-01;2019-08-01;Nyunzu;CD7410ZS01;Nyunzu;CD7410;Tanganyika;CD74;
6778793;2019-08-31;NRC;ong_internatio;pooled_fund;;sud kivu;kimbi lulenge;kilembwe;Réponse multi-sectorielle d’urgence et durable centrée sur la protection dans la zone de de santé de Kimbi-Lulenge, Sud Kivu.;940;;;;;;NaN;750000;$US_projet;;assistance_en__1 accompagnement assistance_en__5 construction_r;0;1;1;0;0;0;0;1;1;0;0;planifi;;;;;;;;;;;;;;;;;;;;;;;;;;;;;;;;;;;;;;;;;;;;;;;;;;;;;;;;;;;;;;;;;;;Kimbi Lulenge;CD6210ZS02;Fizi;CD6210;Sud-Kivu;CD62;14 814
6778806;2019-08-31;NRC;ong_internatio;pooled_fund;;sud kivu;kimbi lulenge;may-moto;Réponse multi-sectorielle d’urgence et durable centrée sur la protection dans la zone de de santé de Kimbi-Lulenge, Sud Kivu.;940;;;;;;NaN;750000;$US_projet;;assistance_en__1 accompagnement assistance_en__5 construction_r;0;1;1;0;0;0;0;1;1;0;0;planifi;;;;;;;;;;;;;;;;;;;;;;;;;;;;;;;;;;;;;;;;;;;;;;;;;;;;;;;;;;;;;;;;;;;Kimbi Lulenge;CD6210ZS02;Fizi;CD6210;Sud-Kivu;CD62;
6778807;2019-08-31;NRC;ong_internatio;pooled_fund;;sud kivu;kimbi lulenge;maindombe;Réponse multi-sectorielle d’urgence et durable centrée sur la protection dans la zone de de santé de Kimbi-Lulenge, Sud Kivu.;940;;;;;;NaN;750000;$US_projet;;assistance_en__1 accompagnement assistance_en__5 construction_r;0;1;1;0;0;0;0;1;1;0;0;planifi;;;;;;;;;;;;;;;;;;;;;;;;;;;;;;;;;;;;;;;;;;;;;;;;;;;;;;;;;;;;;;;;;;;Kimbi Lulenge;CD6210ZS02;Fizi;CD6210;Sud-Kivu;CD62;
6778774;2019-08-31;NRC;ong_internatio;usaid_ofda;;ituri;gety;chyekele;Assistance intégrée en logement et en protection aux personnes déplacées / rapatriées les plus vulnérables dans les provinces du Nord-Kivu, du Sud-Kivu, du Tanganyika et de l'Ituri en République démocratique du Congo (RDC);4560;;;;;;NaN;4000000;$US_projet;;assistance_en__1 accompagnement assistance_en__5 construction_r;0;1;1;0;0;0;0;1;1;0;0;planifi;;;;;;;;;;;;;;;;;;;;;;;;;;;;;;;;;;;;;;;;;;;;;;;;;;;;;;;;;;;;;;;;;;;Gety;CD5402ZS03;Irumu;CD5402;Iturie;CD54;
6778778;2019-08-31;NRC;ong_internatio;usaid_ofda;;ituri;gety;gety;Assistance intégrée en logement et en protection aux personnes déplacées / rapatriées les plus vulnérables dans les provinces du Nord-Kivu, du Sud-Kivu, du Tanganyika et de l'Ituri en République démocratique du Congo (RDC);9860;;;;;;NaN;4000000;$US_projet;;assistance_en__1 accompagnement assistance_en__5 construction_r;0;1;1;0;0;0;0;1;1;0;0;planifi;;;;;;;;;;;;;;;;;;;;;;;;;;;;;;;;;;;;;;;;;;;;;;;;;;;;;;;;;;;;;;;;;;;Gety;CD5402ZS03;Irumu;CD5402;Iturie;CD54;
6778781;2019-08-31;NRC;ong_internatio;usaid_ofda;;ituri;gety;zitono;Assistance intégrée en logement et en protection aux personnes déplacées / rapatriées les plus vulnérables dans les provinces du Nord-Kivu, du Sud-Kivu, du Tanganyika et de l'Ituri en République démocratique du Congo (RDC);9860;;;;;;NaN;4000000;$US_projet;;assistance_en__1 accompagnement assistance_en__5 construction_r;0;1;1;0;0;0;0;1;1;0;0;planifi;;;;;;;;;;;;;;;;;;;;;;;;;;;;;;;;;;;;;;;;;;;;;;;;;;;;;;;;;;;;;;;;;;;Gety;CD5402ZS03;Irumu;CD5402;Iturie;CD54;
6782118;2019-08-31;NRC;ong_internatio;UNHCR/CERF;;kasai central;yangala;kalenga nganyi;Protection et reintegration des personnes retournes, deplaces internes et expulses/refoules d'Angola au Kasai, Kasai Central et Lomami;3700;;;;;;NaN;2540000;$US_projet;;assistance_en__1 accompagnement assistance_en__5 construction_r;0;1;1;0;0;0;0;1;1;0;0;compl_t;espece;especes_agence;;;;;;;;;;;;;;;transfert_cond;TMB;;;;;;;Kalenga Manyi 1, Kalenga Manyi 2, Mayinga, Bakwa Nsanyi;Kalenga Manyi;7.82694444 22.99388889 1014.3 0;7,82694444;22,99388889;356;316;40;1695;592;0;0;2643;0;0;retourn_s relocalis_s;0;1;1;0;0;0;0;0;0;22500;;;;;;;;;;;;;_us;;2019-08-01;2019-08-01;Yangala;CD9104ZS04;Luiza;CD9104;Kasai Central;CD91;
6782414;2019-09-01;NRC;ong_internatio;UNHCR/CERF;;kasai;kamonia;kasai lumbembe;Protection et reintegration des personnes retournes, deplaces internes et expulses/refoules d'Angola au Kasai, Kasai Central et Lomami;3700;;;;;;NaN;2540000;$US_projet;;assistance_en__1 accompagnement assistance_en__5 construction_r;0;1;1;0;0;0;0;1;1;0;0;planifi;;;;;;;;;;;;;;;;;;;;;;;;;;;;;;;;;;;;;;;;;;;;;;;;;;;;;;;;;;;;;;;;;;;Kamonia;CD9202ZS02;Kamonia;CD9202;Kasai;CD92;
6782415;2019-09-01;NRC;ong_internatio;UNHCR/CERF;;kasai;kamonia;kabangu;Assistance intégrée en logement et en protection aux personnes déplacées / rapatriées les plus vulnérables dans les provinces du Nord-Kivu, du Sud-Kivu, du Tanganyika et de l'Ituri en République démocratique du Congo (RDC);3700;;;;;;NaN;2540000;$US_projet;;assistance_en__1 accompagnement assistance_en__5 construction_r;0;1;1;0;0;0;0;1;1;0;0;planifi;;;;;;;;;;;;;;;;;;;;;;;;;;;;;;;;;;;;;;;;;;;;;;;;;;;;;;;;;;;;;;;;;;;Kamonia;CD9202ZS02;Kamonia;CD9202;Kasai;CD92;
6782418;2019-09-01;NRC;ong_internatio;UNHCR/CERF;;kasai;kamonia;nsokombe;Assistance intégrée en logement et en protection aux personnes déplacées / rapatriées les plus vulnérables dans les provinces du Nord-Kivu, du Sud-Kivu, du Tanganyika et de l'Ituri en République démocratique du Congo (RDC);3700;;;;;;NaN;2540000;$US_projet;;assistance_en__1 accompagnement assistance_en__5 construction_r;0;1;1;0;0;0;0;1;1;0;0;planifi;;;;;;;;;;;;;;;;;;;;;;;;;;;;;;;;;;;;;;;;;;;;;;;;;;;;;;;;;;;;;;;;;;;Kamonia;CD9202ZS02;Kamonia;CD9202;Kasai;CD92;
6782241;2019-09-01;NRC;ong_internatio;UNHCR/CERF;;kasai central;yangala;tshiwayi;Protection et reintegration des personnes retournes, deplaces internes et expulses/refoules d'Angola au Kasai, Kasai Central et Lomami;3700;;;;;;NaN;2540000;$US_projet;;assistance_en__1 accompagnement assistance_en__5 construction_r;0;1;1;0;0;0;0;1;1;0;0;compl_t;espece;especes_agence;;;;;;;;;;;;;;;transfert_cond;TMB;;;;;;;Kabanza, Kayoka, Lumbu, Malamba, Ngweji Tshiwayi, Nkama, Tshiluma, Tshiwayi 1, Tshiwayi 2;Tshiwayi 1;;7.25388889;22.76805556;356;318;38;1264;465;0;0;2085;0;0;retourn_s relocalis_s;0;1;1;0;0;0;0;0;0;22500;;;;;;;;;;;;;_us;;2019-08-01;2019-08-01;Yangala;CD9104ZS04;Luiza;CD9104;Kasai Central;CD91;
6782282;2019-09-01;NRC;ong_internatio;UNHCR/CERF;;kasai central;yangala;kaleka;Protection et reintegration des personnes retournes, deplaces internes et expulses/refoules d'Angola au Kasai, Kasai Central et Lomami;3700;;;;;;NaN;2540000;$US_projet;;assistance_en__1 accompagnement assistance_en__5 construction_r;0;1;1;0;0;0;0;1;1;0;0;compl_t;espece;especes_agence;;;;;;;;;;;;;;;transfert_cond;TMB;;;;;;;Akamwangala, Kamanga, Kana, Tshibanda, Anapemba, Kajiji, Kawata, Ngueji Kaleka;Kaleka;;7.40305556;22.81250000;187;170;17;748;242;0;0;1177;0;0;retourn_s relocalis_s;0;1;1;0;0;0;0;0;0;11687;;;;;;;;;;;;;_us;;2019-08-01;2019-08-01;Yangala;CD9104ZS04;Luiza;CD9104;Kasai Central;CD91;
6796060;2019-09-01;NRC;ong_internatio;pooled_fund;;sud kivu;haut plateau;bijombo;Assistance en vivres, AME et abris d'urgence pour les populations vulnérables affectées par les crises dans la zone des hauts plateaux, Territoire d’Uvira, Sud Kivu, RDC;10000;;;;;;NaN;1091832;$US_projet;;assistance_en__1 accompagnement;0;1;1;0;0;0;0;0;0;0;0;compl_t;coupon_foire;;;coupon_papier;;;;;;;;;;;;;;;;;;;;;MASANGO, KATANGA, MASATA, ISHENGE;Uvira;-4.106282 29.106293 0 0;-4,106282;29,106293;2161;6697;7044;419;564;3339;2979;21042;100;69;d_plac_s_inter retourn_s;1;1;0;0;0;0;0;0;0;446425;;;;;;;;;;;;;_us;;2019-06-01;2019-06-01;Hauts Plateaux;CD6208ZS01;Uvira;CD6208;Sud-Kivu;CD62;14243,76945
6863005;2019-09-09;ACTED;ong_internatio;pooled_fund;;mai ndombe;yumbi;bongende;Réponse en abris en faveur des populations affectées par la crise dans la zone de santé de Yumbi;718;818;776;1224;3084;320;1594;730000;$US_projet;;assistance_en__1;0;1;0;0;0;0;0;0;0;0;0;planifi;;;;;;;;;;;;;;;;;;;;;;;;;;;;;;;;;;;;;;;;;;;;;;;;;;;;;;;;;;;;;;;;;;;Yumbi;CD3310ZS01;Yumbi;CD3310;Mai-Ndombe;CD33;
6867023;2019-09-10;OIM;nations_unies;usaid_ofda;;tanganyika;nyemba;kituku;RAPID Fund for Eastern DRC;480;288;192;216;168;96;480;1100000;$US_projet;;assistance_en_ accompagnement assistance_en__2;1;0;1;0;1;0;0;0;0;0;0;compl_t;nature;;;;;;;;;;;;;;;;;;;;;;;;KALUNGA;KALUNGA;-5.936878 29.179859 0 0;-5,936878;29,179859;480;650;430;505;335;290;190;2880;6;16;d_plac_s_inter;1;0;0;0;0;0;0;0;0;56160;;;;;;;;;;;;;_us;;2019-05-30;2019-08-15;Nyemba;CD7402ZS02;Kalemie;CD7402;Tanganyika;CD74;
6859726;2019-09-09;Christian Aid;ong_internatio;autres;Fonds internes;nord kivu;rutshuru;rutshuru;Projet de construction des abris aux retournés de Mirangi en Chefferie de Bwito en Territoire de Rutshuru.;60;41;60;381;101;6;101;30000;ls_projet;;assistance_en__1 accompagnement assistance_en__4;0;1;1;0;0;0;1;0;0;0;0;compl_t;nature;;;;;;;;;;;;;;;;;;;;;;;;Mirangi;Mirangi;-0.758035 29.161985 0 0;-0,758035;29,161985;60;206;175;38;57;3;3;482;0;0;retourn_s;0;1;0;0;0;0;0;0;0;30000;;;;;;;;;;;;;livre_sterling;;2018-11-20;2019-05-31;Rutshuru;CD6111ZS05;Rutshuru;CD6111;Nord-Kivu;CD61;
6867134;2019-09-10;OIM;nations_unies;usaid_ofda;;tanganyika;nyemba;tundwa;RAPID Fund for Eastern DRC;4000;1440;960;1080;840;480;2400;1100000;$US_projet;;assistance_en_ accompagnement assistance_en__2;1;0;1;0;1;0;0;0;0;0;0;compl_t;nature;;;;;;;;;;;;;;;;;;;;;;;;KIKUMBE;KUKUMBE;-5.88474 29.21494 0 0;-5,88474;29,21494;453;610;405;475;315;270;180;2255;5;16;d_plac_s_inter;1;0;0;0;0;0;0;0;0;53001;;;;;;;;;;;;;_us;;2019-06-30;2019-08-15;Nyemba;CD7402ZS02;Kalemie;CD7402;Tanganyika;CD74;
6867858;2019-09-10;OIM;nations_unies;usaid_ofda;;tanganyika;nyemba;tundwa;RAPID Fund for Eastern DRC;4000;2400;1600;1800;1400;800;4000;1100000;$US_projet;;assistance_en_ accompagnement assistance_en__2;1;0;1;0;1;0;0;0;0;0;0;compl_t;nature;;;;;;;;;;;;;;;;;;;;;;;;KIKUMBE;ELIYA;-5.84535 29.160196 0 0;-5,84535;29,160196;189;255;170;200;130;115;75;945;2;7;d_plac_s_inter;1;0;0;0;0;0;0;0;0;22113;;;;;;;;;;;;;_us;;2019-06-30;2019-08-15;Nyemba;CD7402ZS02;Kalemie;CD7402;Tanganyika;CD74;
6868233;2019-09-10;OIM;nations_unies;usaid_ofda;;tanganyika;kalemie;mulange;RAPID Fund for Eastern DRC;4000;2400;1600;1800;1400;800;4000;1100000;$US_projet;;assistance_en_ assistance_en__2;1;0;0;0;1;0;0;0;0;0;0;compl_t;nature;;;;;;;;;;;;;;;;;;;;;;;;MWAKA;MWAKA;-5.978487 29.010685 0 0;-5,978487;29,010685;300;81;54;63;42;36;24;300;4;11;d_plac_s_inter;1;0;0;0;0;0;0;0;0;35100;;;;;;;;;;;;;_us;;2019-06-30;2019-08-15;Kalemie;CD7402ZS01;Kalemie;CD7402;Tanganyika;CD74;
6872076;2019-09-10;CONSEIL DANOIS POUR LES REFUGIES;ong_internatio;UNHCR;;ituri;drodro;drodro;Projet « d’assistance en abri pour les personnes déplacées retournées suite à la crise de Djugu. »;5468;729;698;995;433;36;1427;1057000;$US_projet;;assistance_en_;1;0;0;0;0;0;0;0;0;0;0;compl_t;nature;;;;;;;;;;;;;;;;;;;;;;;;Drodro;TSUYA;2.670899 14.621518 0 0;2,670899;14,621518;271;495;500;234;198;19;17;1463;1;1;d_plac_s_inter;1;0;0;0;0;0;0;0;0;45956;;;;;;;;;;;;;_us;;2019-08-01;2019-08-31;Drodro;CD5405ZS03;Djugu;CD5405;Iturie;CD54;196772
6923258;2019-09-14;PPSSP;ong_nationale;autres;Ministère Allemand via Diakonie;ituri;lita;katoto;Assistance humanitaire multisectorielle et CASH en faveur des populations affectées par les conflits armés dans les territoires de Djugu, Irumu et Beni, provinces de l’Ituri et du Nord Kivu à l’Est de la R.D.Congo;143;87;69;206;155;14;156;4400;$US_projet;;assistance_en__1 int_gration_de;0;1;0;0;0;0;0;0;0;1;0;planifi;;;;;;;;;;;;;;;;;;;;;;;;;;;;;;;;;;;;;;;;;;;;;;;;;;;;;;;;;;;;;;;;;;;;;;;;;
6923259;2019-09-14;PPSSP;ong_nationale;autres;Diakonie;ituri;lita;katoto;Assistance humanitaire multisectorielle et CASH en faveur des populations affectées par les conflits armés dans les territoires de Djugu, Irumu, Beni et Lubero Provinces de l’Ituri et du Nord Kivu à l’Est de la R.D. Congo»;534;87;67;356;157;22;154;17550;$US_projet;;assistance_en__1 int_gration_de;0;1;0;0;0;0;0;0;0;1;0;planifi;;;;;;;;;;;;;;;;;;;;;;;;;;;;;;;;;;;;;;;;;;;;;;;;;;;;;;;;;;;;;;;;;;;;;;;;;
;;Programme de Promotion des Soins de Santé Primaire (PPSSP);ong_nationale;autres;Ministère Allemand via Diakonie;ituri;lita;katoto;Assistance humanitaire multisectorielle et CASH en faveur des populations affectées par les conflits armés dans les territoires de Djugu, Irumu et Beni, provinces de l’Ituri et du Nord Kivu à l’Est de la R.D.Congo;143;87;69;206;155;14;156;4400;$US_projet;;assistance_en__1 int_gration_de;0;1;0;0;0;0;0;0;0;1;0;planifi;;;;;;;;;;;;;;;;;;;;;;;;;;;;;;;;;;;;;;;;;;;;;;;;;;;;;;;;;;;;;;;;;;;;;;;;;
;;PPSSP;ong_nationale;autres;Diakonie;ituri;lita;katoto;Assistance humanitaire multisectorielle et CASH en faveur des populations affectées par les conflits armés dans les territoires de Djugu, Irumu, Beni et Lubero Provinces de l’Ituri et du Nord Kivu à l’Est de la R.D. Congo»;534;87;67;356;157;22;154;17550;$US_projet;;assistance_en__1 int_gration_de;0;1;0;0;0;0;0;0;0;1;0;planifi;;;;;;;;;;;;;;;;;;;;;;;;;;;;;;;;;;;;;;;;;;;;;;;;;;;;;;;;;;;;;;;;;;;;;;;;;
;;AIDES;ong_nationale;option_4;;nord kivu;kibirizi;buhondwa;ASSISTANCE EN ABRIS AUX PERSONNES DEPLACEES INTERNES ET RETOURNEES AU NORD KIVU;2700;7020;6480;8168;4725;607;13500;1020412;$US_projet;;assistance_en__1 construction_r;0;1;0;0;0;0;0;0;1;0;0;compl_t;mixte;;;;nature argent_mobile_m;1;0;0;0;0;0;0;1;0;0;0;transfert_cond;;;;;;;;NYANZALE;NYANZALE;;;;74;166;165;73;67;10;3;484;0;0;retourn_s autochtones_vu;0;1;0;0;0;0;0;1;0;19610;;11692;;;;;;;;;;;_us;;2019-01-01;2019-08-11;;;;;;;
;;ACTIONS ET INTERVENTIONS POUR LE DEVELOPPEMENT ET L'ENCADREMENT SOCIAL (AIDES);ong_nationale;option_4;;nord kivu;kibirizi;singa;ASSISTANCE EN ABRIS AUX PERSONNES DEPLACEES INTERNES ET RETOURNEES AU NORD KIVU;2700;7020;6480;8168;4725;607;13500;1020412;$US_projet;;assistance_en__1 construction_r;0;1;0;0;0;0;0;0;1;0;0;compl_t;mixte;;;;nature argent_mobile_m;1;0;0;0;0;0;0;1;0;0;0;transfert_cond;;;;;;;;NYANZALE;NYANZALE;;;;48;106;114;48;43;2;2;315;0;0;retourn_s autochtones_vu;0;1;0;0;0;0;0;1;0;12720;;7584;;;;;;;;;;;_us;;2019-01-01;2019-08-11;;;;;;;
;;AIDES;ong_nationale;option_4;;nord kivu;kibirizi;kikuku;ASSISTANCE EN ABRIS AUX PERSONNES DEPLACEES INTERNES ET RETOURNEES AU NORD KIVU;2700;7020;6480;8168;4725;607;13500;1020412;$US_projet;;assistance_en__1 construction_r;0;1;0;0;0;0;0;0;1;0;0;compl_t;mixte;;;;nature argent_mobile_m;1;0;0;0;0;0;0;1;0;0;0;transfert_cond;;;;;;;;KIKUKU;KIKUKU;;;;91;225;215;84;69;13;4;610;1;0;retourn_s autochtones_vu;0;1;0;0;0;0;0;1;0;24115;;14378;;;;;;;;;;;_us;;2019-01-01;2019-08-11;;;;;;;
;;AIDES;ong_nationale;option_4;;nord kivu;kibirizi;bwalanda;ASSISTANCE EN ABRIS AUX PERSONNES DEPLACEES INTERNES ET RETOURNEES AU NORD KIVU;2700;7020;6480;8168;4725;607;13500;1020412;$US_projet;;assistance_en__1 construction_r;0;1;0;0;0;0;0;0;1;0;0;compl_t;mixte;;;;nature argent_mobile_m;1;0;0;0;0;0;0;1;0;0;0;transfert_cond;;;;;;;;BWALANDA;BWALANDA;;;;48;104;100;43;38;11;5;301;2;0;retourn_s autochtones_vu;0;1;0;0;0;0;0;1;0;12720;;7584;;;;;;;;;;;_us;;2019-01-01;2019-08-11;;;;;;;
;;Programme de Promotion de Soins de Santé Primaires;ong_nationale;autres;Ministère Allemend des affaires etrangères;ituri;lita;lita;Assistance Humanitaire Multisectorielle et CASH en faveur des populations affectées par les conflits armés dans les territoires de Djugu, Irumu et Beni provinces de l'Ituri et du Nord Kivu à l'Est de la RD Congo;23;40;26;72;62;4;66;14789;$US_projet;;assistance_en__1 int_gration_de;0;1;0;0;0;0;0;0;0;1;0;planifi;;;;;;;;;;;;;;;;;;;;;;;;;;;;;;;;;;;;;;;;;;;;;;;;;;;;;;;;;;;;;;;;;;;;;;;;;
