;;;;;;ABRIS;;;;;;;;;;;;;;;;;;
;;;;;;;"Conséquence 1
(Bien être mental et physique)";;;"Conséquence 2
(Conditions de vie)";;;Total;;;;;;;;;;;
Province;Code Province;Territoire;Code Terrtoire;Zone de santé;"Code
Zone de santé";Score de Sévérité;Personnes dans le besoin;Personnes ciblées;Budget;Personnes dans le besoin;Personnes ciblées;Budget;Personnes dans le besoin;Personnes ciblées;Budget;;Déplacés FAMAC moins de 6 mois / sévérité 3, 4, 5;Non-déplacés résidents dans une zone de déplacement / sévérité 3, 4, 5;Déplacés de moins de 6 mois sur les sites / sévérité 3, 4, 5;Déplacés de moins de 6 mois en centres collectifs / sévérité 3, 4, 5;Retournés de moins de 6 mois / sévérité 3, 4, 5; Retournés de moins de 6 mois victimes d’une occupation secondaire  / sévérité 3, 4, 5;Déplacés de plus de 6 mois en famille d'accueil (et dans des centres collectifs)  / sévérité 3, 4, 5;Déplacés de plus de 6 mois sur les sites de déplacés  / sévérité 3, 4, 5
Kinshasa;CD10;Kinshasa;CD1000;Bandalungwa;CD1000ZS01;0;0;0;0;0;0;0;0;0;0;;0;0;0;0;0;0;0;0
Kinshasa;CD10;Kinshasa;CD1000;Barumbu;CD1000ZS02;0;0;0;0;0;0;0;0;0;0;;0;0;0;0;0;0;0;0
Kinshasa;CD10;Kinshasa;CD1000;Binza Meteo;CD1000ZS03;0;0;0;0;0;0;0;0;0;0;;0;0;0;0;0;0;0;0
Kinshasa;CD10;Kinshasa;CD1000;Binza Ozone;CD1000ZS04;0;0;0;0;0;0;0;0;0;0;;0;0;0;0;0;0;0;0
Kinshasa;CD10;Kinshasa;CD1000;Biyela;CD1000ZS05;0;0;0;0;0;0;0;0;0;0;;0;0;0;0;0;0;0;0
Kinshasa;CD10;Kinshasa;CD1000;Bumbu;CD1000ZS06;0;0;0;0;0;0;0;0;0;0;;0;0;0;0;0;0;0;0
Kinshasa;CD10;Kinshasa;CD1000;Gombe;CD1000ZS07;0;0;0;0;0;0;0;0;0;0;;0;0;0;0;0;0;0;0
Kinshasa;CD10;Kinshasa;CD1000;Kalamu I;CD1000ZS08;0;0;0;0;0;0;0;0;0;0;;0;0;0;0;0;0;0;0
Kinshasa;CD10;Kinshasa;CD1000;Kalamu II;CD1000ZS09;0;0;0;0;0;0;0;0;0;0;;0;0;0;0;0;0;0;0
Kinshasa;CD10;Kinshasa;CD1000;Kasa-Vubu;CD1000ZS10;0;0;0;0;0;0;0;0;0;0;;0;0;0;0;0;0;0;0
Kinshasa;CD10;Kinshasa;CD1000;Kikimi;CD1000ZS11;0;0;0;0;0;0;0;0;0;0;;0;0;0;0;0;0;0;0
Kinshasa;CD10;Kinshasa;CD1000;Kimbanseke;CD1000ZS12;0;0;0;0;0;0;0;0;0;0;;0;0;0;0;0;0;0;0
Kinshasa;CD10;Kinshasa;CD1000;Kingabwa;CD1000ZS13;0;0;0;0;0;0;0;0;0;0;;0;0;0;0;0;0;0;0
Kinshasa;CD10;Kinshasa;CD1000;Kingasani;CD1000ZS14;0;0;0;0;0;0;0;0;0;0;;0;0;0;0;0;0;0;0
Kinshasa;CD10;Kinshasa;CD1000;Kinshasa;CD1000ZS15;0;0;0;0;0;0;0;0;0;0;;0;0;0;0;0;0;0;0
Kinshasa;CD10;Kinshasa;CD1000;Kintambo;CD1000ZS16;0;0;0;0;0;0;0;0;0;0;;0;0;0;0;0;0;0;0
Kinshasa;CD10;Kinshasa;CD1000;Kisenso;CD1000ZS17;0;0;0;0;0;0;0;0;0;0;;0;0;0;0;0;0;0;0
Kinshasa;CD10;Kinshasa;CD1000;Kokolo;CD1000ZS18;0;0;0;0;0;0;0;0;0;0;;0;0;0;0;0;0;0;0
Kinshasa;CD10;Kinshasa;CD1000;Lemba;CD1000ZS19;0;0;0;0;0;0;0;0;0;0;;0;0;0;0;0;0;0;0
Kinshasa;CD10;Kinshasa;CD1000;Limete;CD1000ZS20;0;0;0;0;0;0;0;0;0;0;;0;0;0;0;0;0;0;0
Kinshasa;CD10;Kinshasa;CD1000;Lingwala;CD1000ZS21;0;0;0;0;0;0;0;0;0;0;;0;0;0;0;0;0;0;0
Kinshasa;CD10;Kinshasa;CD1000;Makala;CD1000ZS22;0;0;0;0;0;0;0;0;0;0;;0;0;0;0;0;0;0;0
Kinshasa;CD10;Kinshasa;CD1000;Maluku I;CD1000ZS23;0;0;0;0;0;0;0;0;0;0;;0;0;0;0;0;0;0;0
Kinshasa;CD10;Kinshasa;CD1000;Maluku II;CD1000ZS24;0;0;0;0;0;0;0;0;0;0;;0;0;0;0;0;0;0;0
Kinshasa;CD10;Kinshasa;CD1000;Masina I;CD1000ZS25;0;0;0;0;0;0;0;0;0;0;;0;0;0;0;0;0;0;0
Kinshasa;CD10;Kinshasa;CD1000;Masina II;CD1000ZS26;0;0;0;0;0;0;0;0;0;0;;0;0;0;0;0;0;0;0
Kinshasa;CD10;Kinshasa;CD1000;Matete;CD1000ZS27;0;0;0;0;0;0;0;0;0;0;;0;0;0;0;0;0;0;0
Kinshasa;CD10;Kinshasa;CD1000;Mont Ngafula I;CD1000ZS28;0;0;0;0;0;0;0;0;0;0;;0;0;0;0;0;0;0;0
Kinshasa;CD10;Kinshasa;CD1000;Mont Ngafula II;CD1000ZS29;0;0;0;0;0;0;0;0;0;0;;0;0;0;0;0;0;0;0
Kinshasa;CD10;Kinshasa;CD1000;Ndjili;CD1000ZS30;0;0;0;0;0;0;0;0;0;0;;0;0;0;0;0;0;0;0
Kinshasa;CD10;Kinshasa;CD1000;Ngaba;CD1000ZS31;0;0;0;0;0;0;0;0;0;0;;0;0;0;0;0;0;0;0
Kinshasa;CD10;Kinshasa;CD1000;Ngiri-Ngiri;CD1000ZS32;0;0;0;0;0;0;0;0;0;0;;0;0;0;0;0;0;0;0
Kinshasa;CD10;Kinshasa;CD1000;Nsele;CD1000ZS33;0;0;0;0;0;0;0;0;0;0;;0;0;0;0;0;0;0;0
Kinshasa;CD10;Kinshasa;CD1000;Police;CD1000ZS34;0;0;0;0;0;0;0;0;0;0;;0;0;0;0;0;0;0;0
Kinshasa;CD10;Kinshasa;CD1000;Selembao;CD1000ZS35;0;0;0;0;0;0;0;0;0;0;;0;0;0;0;0;0;0;0
Kongo-Central;CD20;Matadi;CD2001;Matadi;CD2001ZS01;0;0;0;0;0;0;0;0;0;0;;0;0;0;0;0;0;0;0
Kongo-Central;CD20;Matadi;CD2001;Nzanza;CD2001ZS02;0;0;0;0;0;0;0;0;0;0;;0;0;0;0;0;0;0;0
Kongo-Central;CD20;Boma;CD2002;Boma;CD2002ZS01;0;0;0;0;0;0;0;0;0;0;;0;0;0;0;0;0;0;0
Kongo-Central;CD20;Moanda;CD2003;Boma Bungu;CD2003ZS01;0;0;0;0;0;0;0;0;0;0;;0;0;0;0;0;0;0;0
Kongo-Central;CD20;Moanda;CD2003;Kitona;CD2003ZS02;0;0;0;0;0;0;0;0;0;0;;0;0;0;0;0;0;0;0
Kongo-Central;CD20;Moanda;CD2003;Moanda;CD2003ZS03;0;0;0;0;0;0;0;0;0;0;;0;0;0;0;0;0;0;0
Kongo-Central;CD20;Lukula;CD2005;Kangu;CD2005ZS01;0;0;0;0;0;0;0;0;0;0;;0;0;0;0;0;0;0;0
Kongo-Central;CD20;Lukula;CD2005;Lukula;CD2005ZS02;0;0;0;0;0;0;0;0;0;0;;0;0;0;0;0;0;0;0
Kongo-Central;CD20;Tshela;CD2007;Kinkonzi;CD2007ZS01;0;0;0;0;0;0;0;0;0;0;;0;0;0;0;0;0;0;0
Kongo-Central;CD20;Tshela;CD2007;Kizu;CD2007ZS02;0;0;0;0;0;0;0;0;0;0;;0;0;0;0;0;0;0;0
Kongo-Central;CD20;Tshela;CD2007;Kuimba;CD2007ZS03;0;0;0;0;0;0;0;0;0;0;;0;0;0;0;0;0;0;0
Kongo-Central;CD20;Tshela;CD2007;Tshela;CD2007ZS04;0;0;0;0;0;0;0;0;0;0;;0;0;0;0;0;0;0;0
Kongo-Central;CD20;Tshela;CD2007;Vaku;CD2007ZS05;0;0;0;0;0;0;0;0;0;0;;0;0;0;0;0;0;0;0
Kongo-Central;CD20;Seke-Banza;CD2009;Inga;CD2009ZS01;0;0;0;0;0;0;0;0;0;0;;0;0;0;0;0;0;0;0
Kongo-Central;CD20;Seke-Banza;CD2009;Seke-Banza;CD2009ZS02;0;0;0;0;0;0;0;0;0;0;;0;0;0;0;0;0;0;0
Kongo-Central;CD20;Luozi;CD2010;Kibunzi;CD2010ZS01;0;0;0;0;0;0;0;0;0;0;;0;0;0;0;0;0;0;0
Kongo-Central;CD20;Luozi;CD2010;Luozi;CD2010ZS02;0;0;0;0;0;0;0;0;0;0;;0;0;0;0;0;0;0;0
Kongo-Central;CD20;Luozi;CD2010;Mangembo;CD2010ZS03;0;0;0;0;0;0;0;0;0;0;;0;0;0;0;0;0;0;0
Kongo-Central;CD20;Songololo;CD2011;Kimpese;CD2011ZS01;0;0;0;0;0;0;0;0;0;0;;0;0;0;0;0;0;0;0
Kongo-Central;CD20;Songololo;CD2011;Nsona-Mpangu;CD2011ZS02;0;0;0;0;0;0;0;0;0;0;;0;0;0;0;0;0;0;0
Kongo-Central;CD20;Mbanza-Ngungu;CD2013;Boko-Kivulu;CD2013ZS01;0;0;0;0;0;0;0;0;0;0;;0;0;0;0;0;0;0;0
Kongo-Central;CD20;Mbanza-Ngungu;CD2013;Gombe-Matadi;CD2013ZS02;0;0;0;0;0;0;0;0;0;0;;0;0;0;0;0;0;0;0
Kongo-Central;CD20;Mbanza-Ngungu;CD2013;Kimpangu;CD2013ZS03;0;0;0;0;0;0;0;0;0;0;;0;0;0;0;0;0;0;0
Kongo-Central;CD20;Mbanza-Ngungu;CD2013;Kwilu-Ngongo;CD2013ZS04;0;0;0;0;0;0;0;0;0;0;;0;0;0;0;0;0;0;0
Kongo-Central;CD20;Mbanza-Ngungu;CD2013;Mbanza-Ngungu;CD2013ZS05;0;0;0;0;0;0;0;0;0;0;;0;0;0;0;0;0;0;0
Kongo-Central;CD20;Kasangulu;CD2015;Masa;CD2015ZS01;0;0;0;0;0;0;0;0;0;0;;0;0;0;0;0;0;0;0
Kongo-Central;CD20;Kasangulu;CD2015;Sona-Bata;CD2015ZS02;0;0;0;0;0;0;0;0;0;0;;0;0;0;0;0;0;0;0
Kongo-Central;CD20;Madimba;CD2017;Kisantu;CD2017ZS01;0;0;0;0;0;0;0;0;0;0;;0;0;0;0;0;0;0;0
Kongo-Central;CD20;Madimba;CD2017;Ngidinga;CD2017ZS02;0;0;0;0;0;0;0;0;0;0;;0;0;0;0;0;0;0;0
Kongo-Central;CD20;Madimba;CD2017;Nselo;CD2017ZS03;0;0;0;0;0;0;0;0;0;0;;0;0;0;0;0;0;0;0
Kongo-Central;CD20;Kimvula;CD2019;Kimvula;CD2019ZS01;0;0;0;0;0;0;0;0;0;0;;0;0;0;0;0;0;0;0
Kwango;CD31;Kenge;CD3102;Boko;CD3102ZS01;0;0;0;0;0;0;0;0;0;0;;0;0;0;0;0;0;0;0
Kwango;CD31;Kenge;CD3102;Kenge;CD3102ZS02;0;0;0;0;0;0;0;0;0;0;;0;0;0;0;0;0;0;0
Kwango;CD31;Kenge;CD3102;Kimbau;CD3102ZS03;0;0;0;0;0;0;0;0;0;0;;0;0;0;0;0;0;0;0
Kwango;CD31;Feshi;CD3103;Feshi;CD3103ZS01;3;0;0;0;0;0;0;0;0;0;;0;0;0;0;0;0;0;0
Kwango;CD31;Feshi;CD3103;Kisanji;CD3103ZS02;0;0;0;0;0;0;0;0;0;0;;0;0;0;0;0;0;0;0
Kwango;CD31;Feshi;CD3103;Mwela Lembwa;CD3103ZS03;0;0;0;0;0;0;0;0;0;0;;0;0;0;0;0;0;0;0
Kwango;CD31;Kahemba;CD3105;Kahemba;CD3105ZS01;0;0;0;0;0;0;0;0;0;0;;0;0;0;0;0;0;0;0
Kwango;CD31;Kahemba;CD3105;Kajiji;CD3105ZS02;0;0;0;0;0;0;0;0;0;0;;0;0;0;0;0;0;0;0
Kwango;CD31;Kasongo-Lunda;CD3106;Kasongo Lunda;CD3106ZS01;0;0;0;0;0;0;0;0;0;0;;0;0;0;0;0;0;0;0
Kwango;CD31;Kasongo-Lunda;CD3106;Kitenda;CD3106ZS02;0;0;0;0;0;0;0;0;0;0;;0;0;0;0;0;0;0;0
Kwango;CD31;Kasongo-Lunda;CD3106;Panzi;CD3106ZS03;0;0;0;0;0;0;0;0;0;0;;0;0;0;0;0;0;0;0
Kwango;CD31;Kasongo-Lunda;CD3106;Tembo;CD3106ZS04;0;0;0;0;0;0;0;0;0;0;;0;0;0;0;0;0;0;0
Kwango;CD31;Kasongo-Lunda;CD3106;Wamba Lwadi;CD3106ZS05;0;0;0;0;0;0;0;0;0;0;;0;0;0;0;0;0;0;0
Kwango;CD31;Popokabaka;CD3108;Popokabaka;CD3108ZS01;0;0;0;0;0;0;0;0;0;0;;0;0;0;0;0;0;0;0
Kwilu;CD32;Bandundu;CD3201;Bandundu;CD3201ZS01;0;0;0;0;0;0;0;0;0;0;;0;0;0;0;0;0;0;0
Kwilu;CD32;Bagata;CD3202;Bagata;CD3202ZS01;0;0;0;0;0;0;0;0;0;0;;0;0;0;0;0;0;0;0
Kwilu;CD32;Bagata;CD3202;Kikongo;CD3202ZS02;0;0;0;0;0;0;0;0;0;0;;0;0;0;0;0;0;0;0
Kwilu;CD32;Bagata;CD3202;Sia;CD3202ZS03;0;0;0;0;0;0;0;0;0;0;;0;0;0;0;0;0;0;0
Kwilu;CD32;Kikwit;CD3203;Kikwit-Nord;CD3203ZS01;5;0;0;0;0;0;0;0;0;0;;0;0;0;0;0;0;0;0
Kwilu;CD32;Kikwit;CD3203;Kikwit-Sud;CD3203ZS02;0;0;0;0;0;0;0;0;0;0;;0;0;0;0;0;0;0;0
Kwilu;CD32;Bulungu;CD3204;Bulungu;CD3204ZS01;0;0;0;0;0;0;0;0;0;0;;0;0;0;0;0;0;0;0
Kwilu;CD32;Bulungu;CD3204;Djuma;CD3204ZS02;0;0;0;0;0;0;0;0;0;0;;0;0;0;0;0;0;0;0
Kwilu;CD32;Bulungu;CD3204;Lusanga;CD3204ZS03;0;0;0;0;0;0;0;0;0;0;;0;0;0;0;0;0;0;0
Kwilu;CD32;Bulungu;CD3204;Pay Kongila;CD3204ZS04;0;0;0;0;0;0;0;0;0;0;;0;0;0;0;0;0;0;0
Kwilu;CD32;Bulungu;CD3204;Vanga;CD3204ZS05;0;0;0;0;0;0;0;0;0;0;;0;0;0;0;0;0;0;0
Kwilu;CD32;Idiofa;CD3206;Idiofa;CD3206ZS01;0;0;0;0;0;0;0;0;0;0;;0;0;0;0;0;0;0;0
Kwilu;CD32;Idiofa;CD3206;Ipamu;CD3206ZS02;0;0;0;0;0;0;0;0;0;0;;0;0;0;0;0;0;0;0
Kwilu;CD32;Idiofa;CD3206;Kimputu;CD3206ZS03;0;0;0;0;0;0;0;0;0;0;;0;0;0;0;0;0;0;0
Kwilu;CD32;Idiofa;CD3206;Koshibanda;CD3206ZS04;0;0;0;0;0;0;0;0;0;0;;0;0;0;0;0;0;0;0
Kwilu;CD32;Idiofa;CD3206;Mokala;CD3206ZS05;0;0;0;0;0;0;0;0;0;0;;0;0;0;0;0;0;0;0
Kwilu;CD32;Idiofa;CD3206;Mungindu;CD3206ZS06;0;0;0;0;0;0;0;0;0;0;;0;0;0;0;0;0;0;0
Kwilu;CD32;Gungu;CD3210;Gungu;CD3210ZS01;3;0;0;0;0;0;0;0;0;0;;0;0;0;0;0;0;0;0
Kwilu;CD32;Gungu;CD3210;Kingandu;CD3210ZS02;0;0;0;0;0;0;0;0;0;0;;0;0;0;0;0;0;0;0
Kwilu;CD32;Gungu;CD3210;Mukedi;CD3210ZS03;0;0;0;0;0;0;0;0;0;0;;0;0;0;0;0;0;0;0
Kwilu;CD32;Masi-Manimba;CD3212;Masi-Manimba;CD3212ZS01;0;0;0;0;0;0;0;0;0;0;;0;0;0;0;0;0;0;0
Kwilu;CD32;Masi-Manimba;CD3212;Moanza;CD3212ZS02;0;0;0;0;0;0;0;0;0;0;;0;0;0;0;0;0;0;0
Kwilu;CD32;Masi-Manimba;CD3212;Mosango;CD3212ZS03;0;0;0;0;0;0;0;0;0;0;;0;0;0;0;0;0;0;0
Kwilu;CD32;Masi-Manimba;CD3212;Yasa-Bonga;CD3212ZS04;0;0;0;0;0;0;0;0;0;0;;0;0;0;0;0;0;0;0
Maï-Ndombe;CD33;Inongo;CD3302;Banjow Moke;CD3302ZS01;0;0;0;0;0;0;0;0;0;0;;0;0;0;0;0;0;0;0
Maï-Ndombe;CD33;Inongo;CD3302;Inongo;CD3302ZS02;0;0;0;0;0;0;0;0;0;0;;0;0;0;0;0;0;0;0
Maï-Ndombe;CD33;Inongo;CD3302;Ntandembelo;CD3302ZS03;0;0;0;0;0;0;0;0;0;0;;0;0;0;0;0;0;0;0
Maï-Ndombe;CD33;Kiri;CD3303;Kiri;CD3303ZS01;0;0;0;0;0;0;0;0;0;0;;0;0;0;0;0;0;0;0
Maï-Ndombe;CD33;Kiri;CD3303;Penjwa;CD3303ZS02;0;0;0;0;0;0;0;0;0;0;;0;0;0;0;0;0;0;0
Maï-Ndombe;CD33;Oshwe;CD3304;Bosobe;CD3304ZS01;0;0;0;0;0;0;0;0;0;0;;0;0;0;0;0;0;0;0
Maï-Ndombe;CD33;Oshwe;CD3304;Mimia;CD3304ZS02;0;0;0;0;0;0;0;0;0;0;;0;0;0;0;0;0;0;0
Maï-Ndombe;CD33;Oshwe;CD3304;Oshwe;CD3304ZS03;0;0;0;0;0;0;0;0;0;0;;0;0;0;0;0;0;0;0
Maï-Ndombe;CD33;Kutu;CD3306;Bokoro;CD3306ZS01;0;0;0;0;0;0;0;0;0;0;;0;0;0;0;0;0;0;0
Maï-Ndombe;CD33;Kutu;CD3306;Nioki;CD3306ZS02;0;0;0;0;0;0;0;0;0;0;;0;0;0;0;0;0;0;0
Maï-Ndombe;CD33;Kwamouth;CD3307;Kwamouth;CD3307ZS01;0;0;0;0;0;0;0;0;0;0;;0;0;0;0;0;0;0;0
Maï-Ndombe;CD33;Bolobo;CD3308;Bolobo;CD3308ZS01;0;0;0;0;0;0;0;0;0;0;;0;0;0;0;0;0;0;0
Maï-Ndombe;CD33;Yumbi;CD3310;Yumbi;CD3310ZS01;3;34772;6954;271220,04;3847;3847;240065;38619;10801;511285,04;;0;34771,8;0;0;0;0;3847;0
Maï-Ndombe;CD33;Mushie;CD3311;Mushie;CD3311ZS01;0;0;0;0;0;0;0;0;0;0;;0;0;0;0;0;0;0;0
Equateur;CD41;Mbandaka;CD4101;Bolenge;CD4101ZS01;0;0;0;0;0;0;0;0;0;0;;0;0;0;0;0;0;0;0
Equateur;CD41;Mbandaka;CD4101;Mbandaka;CD4101ZS02;0;0;0;0;0;0;0;0;0;0;;0;0;0;0;0;0;0;0
Equateur;CD41;Mbandaka;CD4101;Wangata;CD4101ZS03;0;0;0;0;0;0;0;0;0;0;;0;0;0;0;0;0;0;0
Equateur;CD41;Bikoro;CD4102;Bikoro;CD4102ZS01;0;0;0;0;0;0;0;0;0;0;;0;0;0;0;0;0;0;0
Equateur;CD41;Bikoro;CD4102;Iboko;CD4102ZS02;0;0;0;0;0;0;0;0;0;0;;0;0;0;0;0;0;0;0
Equateur;CD41;Bikoro;CD4102;Ntondo;CD4102ZS03;0;0;0;0;0;0;0;0;0;0;;0;0;0;0;0;0;0;0
Equateur;CD41;Lukolela;CD4103;Irebu;CD4103ZS01;0;0;0;0;0;0;0;0;0;0;;0;0;0;0;0;0;0;0
Equateur;CD41;Lukolela;CD4103;Lukolela;CD4103ZS02;0;0;0;0;0;0;0;0;0;0;;0;0;0;0;0;0;0;0
Equateur;CD41;Bomongo;CD4104;Bomongo;CD4104ZS01;0;0;0;0;0;0;0;0;0;0;;0;0;0;0;0;0;0;0
Equateur;CD41;Bomongo;CD4104;Lilanga Bobangi;CD4104ZS02;0;0;0;0;0;0;0;0;0;0;;0;0;0;0;0;0;0;0
Equateur;CD41;Makanza;CD4105;Makanza;CD4105ZS01;0;0;0;0;0;0;0;0;0;0;;0;0;0;0;0;0;0;0
Equateur;CD41;Basankusu;CD4107;Basankusu;CD4107ZS01;0;0;0;0;0;0;0;0;0;0;;0;0;0;0;0;0;0;0
Equateur;CD41;Basankusu;CD4107;Djombo;CD4107ZS02;0;0;0;0;0;0;0;0;0;0;;0;0;0;0;0;0;0;0
Equateur;CD41;Bolomba;CD4108;Bolomba;CD4108ZS01;0;0;0;0;0;0;0;0;0;0;;0;0;0;0;0;0;0;0
Equateur;CD41;Bolomba;CD4108;Lolanga Mampoko;CD4108ZS02;0;0;0;0;0;0;0;0;0;0;;0;0;0;0;0;0;0;0
Equateur;CD41;Bolomba;CD4108;Monieka;CD4108ZS03;0;0;0;0;0;0;0;0;0;0;;0;0;0;0;0;0;0;0
Equateur;CD41;Ingende;CD4109;Ingende;CD4109ZS01;0;0;0;0;0;0;0;0;0;0;;0;0;0;0;0;0;0;0
Equateur;CD41;Ingende;CD4109;Lotumbe;CD4109ZS02;0;0;0;0;0;0;0;0;0;0;;0;0;0;0;0;0;0;0
Sud-Ubangi;CD42;Gemena;CD4202;Bogosenubia;CD4202ZS01;0;0;0;0;0;0;0;0;0;0;;0;0;0;0;0;0;0;0
Sud-Ubangi;CD42;Gemena;CD4202;Bominenge;CD4202ZS02;0;0;0;0;0;0;0;0;0;0;;0;0;0;0;0;0;0;0
Sud-Ubangi;CD42;Gemena;CD4202;Bwamanda;CD4202ZS03;0;0;0;0;0;0;0;0;0;0;;0;0;0;0;0;0;0;0
Sud-Ubangi;CD42;Gemena;CD4202;Gemena;CD4202ZS04;0;0;0;0;0;0;0;0;0;0;;0;0;0;0;0;0;0;0
Sud-Ubangi;CD42;Gemena;CD4202;Tandala;CD4202ZS05;0;0;0;0;0;0;0;0;0;0;;0;0;0;0;0;0;0;0
Sud-Ubangi;CD42;Budjala;CD4203;Bangabola;CD4203ZS01;0;0;0;0;0;0;0;0;0;0;;0;0;0;0;0;0;0;0
Sud-Ubangi;CD42;Budjala;CD4203;Budjala;CD4203ZS02;0;0;0;0;0;0;0;0;0;0;;0;0;0;0;0;0;0;0
Sud-Ubangi;CD42;Budjala;CD4203;Bulu;CD4203ZS03;0;0;0;0;0;0;0;0;0;0;;0;0;0;0;0;0;0;0
Sud-Ubangi;CD42;Budjala;CD4203;Mbaya;CD4203ZS04;0;0;0;0;0;0;0;0;0;0;;0;0;0;0;0;0;0;0
Sud-Ubangi;CD42;Budjala;CD4203;Ndage;CD4203ZS05;0;0;0;0;0;0;0;0;0;0;;0;0;0;0;0;0;0;0
Sud-Ubangi;CD42;Kungu;CD4204;Bokonzi;CD4204ZS01;0;0;0;0;0;0;0;0;0;0;;0;0;0;0;0;0;0;0
Sud-Ubangi;CD42;Kungu;CD4204;Boto;CD4204ZS02;0;0;0;0;0;0;0;0;0;0;;0;0;0;0;0;0;0;0
Sud-Ubangi;CD42;Kungu;CD4204;Kungu;CD4204ZS03;0;0;0;0;0;0;0;0;0;0;;0;0;0;0;0;0;0;0
Sud-Ubangi;CD42;Libenge;CD4205;Libenge;CD4205ZS01;0;0;0;0;0;0;0;0;0;0;;0;0;0;0;0;0;0;0
Sud-Ubangi;CD42;Libenge;CD4205;Mawuya;CD4205ZS02;0;0;0;0;0;0;0;0;0;0;;0;0;0;0;0;0;0;0
Sud-Ubangi;CD42;Zongo;CD4206;Zongo;CD4206ZS01;0;0;0;0;0;0;0;0;0;0;;0;0;0;0;0;0;0;0
Nord-Ubangi;CD43;Gbadolite;CD4301;Gbadolite;CD4301ZS01;0;0;0;0;0;0;0;0;0;0;;0;0;0;0;0;0;0;0
Nord-Ubangi;CD43;Mobayi-Mbongo;CD4302;Mobayi Mbongo;CD4302ZS01;0;0;0;0;0;0;0;0;0;0;;0;0;0;0;0;0;0;0
Nord-Ubangi;CD43;Yakoma;CD4304;Abuzi;CD4304ZS01;0;0;0;0;0;0;0;0;0;0;;0;0;0;0;0;0;0;0
Nord-Ubangi;CD43;Yakoma;CD4304;Wapinda;CD4304ZS02;0;0;0;0;0;0;0;0;0;0;;0;0;0;0;0;0;0;0
Nord-Ubangi;CD43;Yakoma;CD4304;Wasolo;CD4304ZS03;0;0;0;0;0;0;0;0;0;0;;0;0;0;0;0;0;0;0
Nord-Ubangi;CD43;Yakoma;CD4304;Yakoma;CD4304ZS04;0;0;0;0;0;0;0;0;0;0;;0;0;0;0;0;0;0;0
Nord-Ubangi;CD43;Businga;CD4305;Businga;CD4305ZS01;0;0;0;0;0;0;0;0;0;0;;0;0;0;0;0;0;0;0
Nord-Ubangi;CD43;Businga;CD4305;Karawa;CD4305ZS02;0;0;0;0;0;0;0;0;0;0;;0;0;0;0;0;0;0;0
Nord-Ubangi;CD43;Businga;CD4305;Loko;CD4305ZS03;0;0;0;0;0;0;0;0;0;0;;0;0;0;0;0;0;0;0
Nord-Ubangi;CD43;Bosobolo;CD4306;Bili;CD4306ZS01;0;0;0;0;0;0;0;0;0;0;;0;0;0;0;0;0;0;0
Nord-Ubangi;CD43;Bosobolo;CD4306;Bosobolo;CD4306ZS02;0;0;0;0;0;0;0;0;0;0;;0;0;0;0;0;0;0;0
Mongala;CD44;Lisala;CD4402;Binga;CD4402ZS01;0;0;0;0;0;0;0;0;0;0;;0;0;0;0;0;0;0;0
Mongala;CD44;Lisala;CD4402;Boso Manzi;CD4402ZS02;0;0;0;0;0;0;0;0;0;0;;0;0;0;0;0;0;0;0
Mongala;CD44;Lisala;CD4402;Lisala;CD4402ZS03;0;0;0;0;0;0;0;0;0;0;;0;0;0;0;0;0;0;0
Mongala;CD44;Bumba;CD4404;Bumba;CD4404ZS01;0;0;0;0;0;0;0;0;0;0;;0;0;0;0;0;0;0;0
Mongala;CD44;Bumba;CD4404;Lolo;CD4404ZS02;0;0;0;0;0;0;0;0;0;0;;0;0;0;0;0;0;0;0
Mongala;CD44;Bumba;CD4404;Yamaluka;CD4404ZS03;0;0;0;0;0;0;0;0;0;0;;0;0;0;0;0;0;0;0
Mongala;CD44;Bumba;CD4404;Yambuku;CD4404ZS04;0;0;0;0;0;0;0;0;0;0;;0;0;0;0;0;0;0;0
Mongala;CD44;Bumba;CD4404;Yamongili;CD4404ZS05;0;0;0;0;0;0;0;0;0;0;;0;0;0;0;0;0;0;0
Mongala;CD44;Bongandanga;CD4405;Bongandanga;CD4405ZS01;0;0;0;0;0;0;0;0;0;0;;0;0;0;0;0;0;0;0
Mongala;CD44;Bongandanga;CD4405;Boso Mondanda;CD4405ZS02;0;0;0;0;0;0;0;0;0;0;;0;0;0;0;0;0;0;0
Mongala;CD44;Bongandanga;CD4405;Bosondjo;CD4405ZS03;0;0;0;0;0;0;0;0;0;0;;0;0;0;0;0;0;0;0
Mongala;CD44;Bongandanga;CD4405;Pimu;CD4405ZS04;0;0;0;0;0;0;0;0;0;0;;0;0;0;0;0;0;0;0
Tshuapa;CD45;Boende;CD4502;Boende;CD4502ZS01;0;0;0;0;0;0;0;0;0;0;;0;0;0;0;0;0;0;0
Tshuapa;CD45;Boende;CD4502;Wema;CD4502ZS02;0;0;0;0;0;0;0;0;0;0;;0;0;0;0;0;0;0;0
Tshuapa;CD45;Befale;CD4503;Befale;CD4503ZS01;0;0;0;0;0;0;0;0;0;0;;0;0;0;0;0;0;0;0
Tshuapa;CD45;Befale;CD4503;Mompono;CD4503ZS02;0;0;0;0;0;0;0;0;0;0;;0;0;0;0;0;0;0;0
Tshuapa;CD45;Djolu;CD4504;Djolu;CD4504ZS01;0;0;0;0;0;0;0;0;0;0;;0;0;0;0;0;0;0;0
Tshuapa;CD45;Djolu;CD4504;Lingomo;CD4504ZS02;0;0;0;0;0;0;0;0;0;0;;0;0;0;0;0;0;0;0
Tshuapa;CD45;Ikela;CD4505;Ikela;CD4505ZS01;0;0;0;0;0;0;0;0;0;0;;0;0;0;0;0;0;0;0
Tshuapa;CD45;Ikela;CD4505;Mondombe;CD4505ZS02;0;0;0;0;0;0;0;0;0;0;;0;0;0;0;0;0;0;0
Tshuapa;CD45;Bokungu;CD4506;Bokungu;CD4506ZS01;0;0;0;0;0;0;0;0;0;0;;0;0;0;0;0;0;0;0
Tshuapa;CD45;Bokungu;CD4506;Bosanga;CD4506ZS02;0;0;0;0;0;0;0;0;0;0;;0;0;0;0;0;0;0;0
Tshuapa;CD45;Bokungu;CD4506;Yalifafo;CD4506ZS03;0;0;0;0;0;0;0;0;0;0;;0;0;0;0;0;0;0;0
Tshuapa;CD45;Monkoto;CD4507;Monkoto;CD4507ZS01;0;0;0;0;0;0;0;0;0;0;;0;0;0;0;0;0;0;0
Tshopo;CD51;Kisangani;CD5101;Kabondo;CD5101ZS01;0;0;0;0;0;0;0;0;0;0;;0;0;0;0;0;0;0;0
Tshopo;CD51;Kisangani;CD5101;Lubunga;CD5101ZS02;0;0;0;0;0;0;0;0;0;0;;0;0;0;0;0;0;0;0
Tshopo;CD51;Kisangani;CD5101;Makiso-Kisangani;CD5101ZS03;0;0;0;0;0;0;0;0;0;0;;0;0;0;0;0;0;0;0
Tshopo;CD51;Kisangani;CD5101;Mangobo;CD5101ZS04;0;0;0;0;0;0;0;0;0;0;;0;0;0;0;0;0;0;0
Tshopo;CD51;Kisangani;CD5101;Tshopo;CD5101ZS05;0;0;0;0;0;0;0;0;0;0;;0;0;0;0;0;0;0;0
Tshopo;CD51;Ubundu;CD5102;Lowa;CD5102ZS01;0;0;0;0;0;0;0;0;0;0;;0;0;0;0;0;0;0;0
Tshopo;CD51;Ubundu;CD5102;Ubundu;CD5102ZS02;0;0;0;0;0;0;0;0;0;0;;0;0;0;0;0;0;0;0
Tshopo;CD51;Ubundu;CD5102;Wanierukula;CD5102ZS03;0;0;0;0;0;0;0;0;0;0;;0;0;0;0;0;0;0;0
Tshopo;CD51;Opala;CD5103;Opala;CD5103ZS01;0;0;0;0;0;0;0;0;0;0;;0;0;0;0;0;0;0;0
Tshopo;CD51;Opala;CD5103;Yaleko;CD5103ZS02;0;0;0;0;0;0;0;0;0;0;;0;0;0;0;0;0;0;0
Tshopo;CD51;Isangi;CD5105;Isangi;CD5105ZS01;0;0;0;0;0;0;0;0;0;0;;0;0;0;0;0;0;0;0
Tshopo;CD51;Isangi;CD5105;Yabaondo;CD5105ZS02;0;0;0;0;0;0;0;0;0;0;;0;0;0;0;0;0;0;0
Tshopo;CD51;Isangi;CD5105;Yahisuli;CD5105ZS03;0;0;0;0;0;0;0;0;0;0;;0;0;0;0;0;0;0;0
Tshopo;CD51;Isangi;CD5105;Yakusu;CD5105ZS04;0;0;0;0;0;0;0;0;0;0;;0;0;0;0;0;0;0;0
Tshopo;CD51;Yahuma;CD5107;Yahuma;CD5107ZS01;0;0;0;0;0;0;0;0;0;0;;0;0;0;0;0;0;0;0
Tshopo;CD51;Basoko;CD5109;Basali;CD5109ZS01;0;0;0;0;0;0;0;0;0;0;;0;0;0;0;0;0;0;0
Tshopo;CD51;Basoko;CD5109;Basoko;CD5109ZS02;0;0;0;0;0;0;0;0;0;0;;0;0;0;0;0;0;0;0
Tshopo;CD51;Basoko;CD5109;Yalimbongo;CD5109ZS03;0;0;0;0;0;0;0;0;0;0;;0;0;0;0;0;0;0;0
Tshopo;CD51;Banalia;CD5110;Banalia;CD5110ZS01;0;0;0;0;0;0;0;0;0;0;;0;0;0;0;0;0;0;0
Tshopo;CD51;Banalia;CD5110;Bengamisa;CD5110ZS02;0;0;0;0;0;0;0;0;0;0;;0;0;0;0;0;0;0;0
Tshopo;CD51;Bafwasende;CD5111;Bafwagbogbo;CD5111ZS01;0;0;0;0;0;0;0;0;0;0;;0;0;0;0;0;0;0;0
Tshopo;CD51;Bafwasende;CD5111;Bafwasende;CD5111ZS02;3;28786;10520;452095,722;0;0;0;28786;10520;452095,722;;5954,1;22831,8;0;0;0;0;0;0
Tshopo;CD51;Bafwasende;CD5111;Opienge;CD5111ZS03;0;0;0;0;0;0;0;0;0;0;;0;0;0;0;0;0;0;0
Bas-Uele;CD52;Buta;CD5202;Buta;CD5202ZS01;0;0;0;0;0;0;0;0;0;0;;0;0;0;0;0;0;0;0
Bas-Uele;CD52;Buta;CD5202;Titule;CD5202ZS02;0;0;0;0;0;0;0;0;0;0;;0;0;0;0;0;0;0;0
Bas-Uele;CD52;Aketi;CD5204;Aketi;CD5204ZS01;0;0;0;0;0;0;0;0;0;0;;0;0;0;0;0;0;0;0
Bas-Uele;CD52;Aketi;CD5204;Likati;CD5204ZS02;0;0;0;0;0;0;0;0;0;0;;0;0;0;0;0;0;0;0
Bas-Uele;CD52;Bondo;CD5206;Bili;CD5206ZS01;0;0;0;0;0;0;0;0;0;0;;0;0;0;0;0;0;0;0
Bas-Uele;CD52;Bondo;CD5206;Bondo;CD5206ZS02;0;0;0;0;0;0;0;0;0;0;;0;0;0;0;0;0;0;0
Bas-Uele;CD52;Bondo;CD5206;Monga;CD5206ZS03;0;0;0;0;0;0;0;0;0;0;;0;0;0;0;0;0;0;0
Bas-Uele;CD52;Ango;CD5207;Ango;CD5207ZS01;0;0;0;0;0;0;0;0;0;0;;0;0;0;0;0;0;0;0
Bas-Uele;CD52;Poko;CD5208;Poko;CD5208ZS01;0;0;0;0;0;0;0;0;0;0;;0;0;0;0;0;0;0;0
Bas-Uele;CD52;Poko;CD5208;Viadana;CD5208ZS02;0;0;0;0;0;0;0;0;0;0;;0;0;0;0;0;0;0;0
Bas-Uele;CD52;Bambesa;CD5209;Ganga;CD5209ZS01;0;0;0;0;0;0;0;0;0;0;;0;0;0;0;0;0;0;0
Haut-Uele;CD53;Rungu;CD5302;Isiro;CD5302ZS01;0;0;0;0;0;0;0;0;0;0;;0;0;0;0;0;0;0;0
Haut-Uele;CD53;Rungu;CD5302;Rungu;CD5302ZS02;0;0;0;0;0;0;0;0;0;0;;0;0;0;0;0;0;0;0
Haut-Uele;CD53;Niangara;CD5303;Niangara;CD5303ZS01;0;0;0;0;0;0;0;0;0;0;;0;0;0;0;0;0;0;0
Haut-Uele;CD53;Dungu;CD5305;Doruma;CD5305ZS01;0;0;0;0;0;0;0;0;0;0;;0;0;0;0;0;0;0;0
Haut-Uele;CD53;Dungu;CD5305;Dungu;CD5305ZS02;0;0;0;0;0;0;0;0;0;0;;0;0;0;0;0;0;0;0
Haut-Uele;CD53;Faradje;CD5307;Aba;CD5307ZS01;0;0;0;0;0;0;0;0;0;0;;0;0;0;0;0;0;0;0
Haut-Uele;CD53;Faradje;CD5307;Faradje;CD5307ZS02;0;0;0;0;0;0;0;0;0;0;;0;0;0;0;0;0;0;0
Haut-Uele;CD53;Faradje;CD5307;Makoro;CD5307ZS03;0;0;0;0;0;0;0;0;0;0;;0;0;0;0;0;0;0;0
Haut-Uele;CD53;Watsa;CD5309;Gombari;CD5309ZS01;0;0;0;0;0;0;0;0;0;0;;0;0;0;0;0;0;0;0
Haut-Uele;CD53;Watsa;CD5309;Watsa;CD5309ZS02;0;0;0;0;0;0;0;0;0;0;;0;0;0;0;0;0;0;0
Haut-Uele;CD53;Wamba;CD5311;Boma-Mangbetu;CD5311ZS01;0;0;0;0;0;0;0;0;0;0;;0;0;0;0;0;0;0;0
Haut-Uele;CD53;Wamba;CD5311;Pawa;CD5311ZS02;0;0;0;0;0;0;0;0;0;0;;0;0;0;0;0;0;0;0
Haut-Uele;CD53;Wamba;CD5311;Wamba;CD5311ZS03;0;0;0;0;0;0;0;0;0;0;;0;0;0;0;0;0;0;0
Ituri;CD54;Irumu;CD5402;Boga;CD5402ZS01;0;0;0;0;0;0;0;0;0;0;;0;0;0;0;0;0;0;0
Ituri;CD54;Irumu;CD5402;Bunia;CD5402ZS02;2;0;0;0;0;0;0;0;0;0;;0;0;0;0;0;0;0;0
Ituri;CD54;Irumu;CD5402;Gethy;CD5402ZS03;2;0;0;0;0;0;0;0;0;0;;0;0;0;0;0;0;0;0
Ituri;CD54;Irumu;CD5402;Komanda;CD5402ZS04;0;0;0;0;0;0;0;0;0;0;;0;0;0;0;0;0;0;0
Ituri;CD54;Irumu;CD5402;Nyakunde;CD5402ZS05;3;29218;5844;227897,28;2126;2126;132662;31344;7970;360559,28;;0;29217,6;0;0;0;0;2126;0
Ituri;CD54;Irumu;CD5402;Rwampara;CD5402ZS06;0;0;0;0;0;0;0;0;0;0;;0;0;0;0;0;0;0;0
Ituri;CD54;Mambasa;CD5403;Lolwa;CD5403ZS01;0;0;0;0;0;0;0;0;0;0;;0;0;0;0;0;0;0;0
Ituri;CD54;Mambasa;CD5403;Mambasa;CD5403ZS02;0;0;0;0;0;0;0;0;0;0;;0;0;0;0;0;0;0;0
Ituri;CD54;Mambasa;CD5403;Mandima;CD5403ZS03;0;0;0;0;0;0;0;0;0;0;;0;0;0;0;0;0;0;0
Ituri;CD54;Mambasa;CD5403;Nia-Nia;CD5403ZS04;0;0;0;0;0;0;0;0;0;0;;0;0;0;0;0;0;0;0
Ituri;CD54;Djugu;CD5405;Bambu;CD5405ZS01;0;0;0;0;0;0;0;0;0;0;;0;0;0;0;0;0;0;0
Ituri;CD54;Djugu;CD5405;Damas;CD5405ZS02;0;0;0;0;0;0;0;0;0;0;;0;0;0;0;0;0;0;0
Ituri;CD54;Djugu;CD5405;Drodro;CD5405ZS03;5;70275;49379;2235739,834;10246;10246;639325;80521;59625;2875064,834;;44154,68;26120,7;0;0;0;0;10246;0
Ituri;CD54;Djugu;CD5405;Fataki;CD5405ZS04;3;50445;22274;975618,6492;0;0;0;50445;22274;975618,6492;;15231,46;35213,7;0;0;0;0;0;0
Ituri;CD54;Djugu;CD5405;Jiba;CD5405ZS05;0;0;0;0;0;0;0;0;0;0;;0;0;0;0;0;0;0;0
Ituri;CD54;Djugu;CD5405;Kilo;CD5405ZS06;0;0;0;0;0;0;0;0;0;0;;0;0;0;0;0;0;0;0
Ituri;CD54;Djugu;CD5405;Linga;CD5405ZS07;3;54449;20606;888912,1566;0;0;0;54449;20606;888912,1566;;12145,83;42302,7;0;0;0;0;0;0
Ituri;CD54;Djugu;CD5405;Lita;CD5405ZS08;3;43894;13654;498860,0669;1968;1968;122803;45862;15622;621663,0669;;744,04;36640,8;6183,55;325,45;0;0;1968;0
Ituri;CD54;Djugu;CD5405;Mangala;CD5405ZS09;0;0;0;0;0;0;0;0;0;0;;0;0;0;0;0;0;0;0
Ituri;CD54;Djugu;CD5405;Mongbalu;CD5405ZS10;0;0;0;0;0;0;0;0;0;0;;0;0;0;0;0;0;0;0
Ituri;CD54;Djugu;CD5405;Nizi;CD5405ZS11;3;49135;15349;647045,919;0;0;0;49135;15349;647045,919;;6901,95;42233,1;0;0;0;0;0;0
Ituri;CD54;Djugu;CD5405;Rethy;CD5405ZS12;5;54041;10808;421515,9;11969;11969;746878;66010;22777;1168393,9;;0;54040,5;0;0;0;0;11969;0
Ituri;CD54;Djugu;CD5405;Tchomia;CD5405ZS13;5;32735;6547;255329,1;2653;2653;165560;35388;9200;420889,1;;0;32734,5;0;0;0;0;2653;0
Ituri;CD54;Mahagi;CD5407;Angumu;CD5407ZS01;5;109455;95211;4356626,648;3902;3902;243485;113357;99113;4600111,648;;91650,42;17804,4;0;0;0;0;3902;0
Ituri;CD54;Mahagi;CD5407;Aungba;CD5407ZS02;0;0;0;0;0;0;0;0;0;0;;0;0;0;0;0;0;0;0
Ituri;CD54;Mahagi;CD5407;Kambala;CD5407ZS03;0;0;0;0;0;0;0;0;0;0;;0;0;0;0;0;0;0;0
Ituri;CD54;Mahagi;CD5407;Logo;CD5407ZS04;0;0;0;0;0;0;0;0;0;0;;0;0;0;0;0;0;0;0
Ituri;CD54;Mahagi;CD5407;Mahagi;CD5407ZS05;0;0;0;0;0;0;0;0;0;0;;0;0;0;0;0;0;0;0
Ituri;CD54;Mahagi;CD5407;Nyarambe;CD5407ZS06;0;0;0;0;0;0;0;0;0;0;;0;0;0;0;0;0;0;0
Ituri;CD54;Mahagi;CD5407;Rimba;CD5407ZS07;0;0;0;0;0;0;0;0;0;0;;0;0;0;0;0;0;0;0
Ituri;CD54;Aru;CD5409;Adi;CD5409ZS01;0;0;0;0;0;0;0;0;0;0;;0;0;0;0;0;0;0;0
Ituri;CD54;Aru;CD5409;Adja;CD5409ZS02;0;0;0;0;0;0;0;0;0;0;;0;0;0;0;0;0;0;0
Ituri;CD54;Aru;CD5409;Ariwara;CD5409ZS03;0;0;0;0;0;0;0;0;0;0;;0;0;0;0;0;0;0;0
Ituri;CD54;Aru;CD5409;Aru;CD5409ZS04;0;0;0;0;0;0;0;0;0;0;;0;0;0;0;0;0;0;0
Ituri;CD54;Aru;CD5409;Biringi;CD5409ZS05;0;0;0;0;0;0;0;0;0;0;;0;0;0;0;0;0;0;0
Ituri;CD54;Aru;CD5409;Laybo;CD5409ZS06;0;0;0;0;0;0;0;0;0;0;;0;0;0;0;0;0;0;0
Nord-Kivu;CD61;Goma;CD6101;Goma;CD6101ZS01;0;0;0;0;0;0;0;0;0;0;;0;0;0;0;0;0;0;0
Nord-Kivu;CD61;Goma;CD6101;Karisimbi;CD6101ZS02;0;0;0;0;0;0;0;0;0;0;;0;0;0;0;0;0;0;0
Nord-Kivu;CD61;Nyiragongo;CD6102;Nyiragongo;CD6102ZS01;0;0;0;0;0;0;0;0;0;0;;0;0;0;0;0;0;0;0
Nord-Kivu;CD61;Masisi;CD6103;Katoyi;CD6103ZS01;1;0;0;0;0;0;0;0;0;0;;0;0;0;0;0;0;0;0
Nord-Kivu;CD61;Masisi;CD6103;Kirotshe;CD6103ZS02;0;0;0;0;0;0;0;0;0;0;;0;0;0;0;0;0;0;0
Nord-Kivu;CD61;Masisi;CD6103;Masisi;CD6103ZS03;3;133271;29095;1112556,938;594;0;9426;133865;29095;1121982,938;;0;129557,7;3527,35;185,65;0;0;0;594
Nord-Kivu;CD61;Masisi;CD6103;Mweso;CD6103ZS04;3;127338;28188;1074625,527;1260;1200;75824;128598;29388;1150449,527;;0;123201,3;3930,15;206,85;0;0;1200;60
Nord-Kivu;CD61;Walikale;CD6104;Itebero;CD6104ZS01;0;0;0;0;0;0;0;0;0;0;;0;0;0;0;0;0;0;0
Nord-Kivu;CD61;Walikale;CD6104;Kibua;CD6104ZS02;1;0;0;0;0;0;0;0;0;0;;0;0;0;0;0;0;0;0
Nord-Kivu;CD61;Walikale;CD6104;Pinga;CD6104ZS03;3;43870;8774;342182,88;6000;6000;374400;49870;14774;716582,88;;0;43869,6;0;0;0;0;6000;0
Nord-Kivu;CD61;Walikale;CD6104;Walikale;CD6104ZS04;0;0;0;0;0;0;0;0;0;0;;0;0;0;0;0;0;0;0
Nord-Kivu;CD61;Lubero;CD6105;Alimbongo;CD6105ZS01;0;0;0;0;0;0;0;0;0;0;;0;0;0;0;0;0;0;0
Nord-Kivu;CD61;Lubero;CD6105;Biena;CD6105ZS02;0;0;0;0;0;0;0;0;0;0;;0;0;0;0;0;0;0;0
Nord-Kivu;CD61;Lubero;CD6105;Kayna;CD6105ZS03;5;89201;17840;695766,24;30996;30996;1934125;120197;48836;2629891,24;;0;89200,8;0;0;0;0;30996;0
Nord-Kivu;CD61;Lubero;CD6105;Lubero;CD6105ZS04;0;0;0;0;0;0;0;0;0;0;;0;0;0;0;0;0;0;0
Nord-Kivu;CD61;Lubero;CD6105;Manguredjipa;CD6105ZS05;0;0;0;0;0;0;0;0;0;0;;0;0;0;0;0;0;0;0
Nord-Kivu;CD61;Lubero;CD6105;Masereka;CD6105ZS06;0;0;0;0;0;0;0;0;0;0;;0;0;0;0;0;0;0;0
Nord-Kivu;CD61;Lubero;CD6105;Musienene;CD6105ZS07;3;76485;15297;596583;4460;4460;278304;80945;19757;874887;;0;76485;0;0;0;0;4460;0
Nord-Kivu;CD61;Oïcha;CD6107;Kalunguta;CD6107ZS01;0;0;0;0;0;0;0;0;0;0;;0;0;0;0;0;0;0;0
Nord-Kivu;CD61;Oïcha;CD6107;Kamango;CD6107ZS02;5;73569;62678;2865342,995;0;0;0;73569;62678;2865342,995;;59955,74;13612,8;0;0;0;0;0;0
Nord-Kivu;CD61;Oïcha;CD6107;Kyondo;CD6107ZS03;0;0;0;0;0;0;0;0;0;0;;0;0;0;0;0;0;0;0
Nord-Kivu;CD61;Oïcha;CD6107;Mabalako;CD6107ZS04;3;63241;17053;703736,5686;0;0;0;63241;17053;703736,5686;;5506,43;57734,7;0;0;0;0;0;0
Nord-Kivu;CD61;Oïcha;CD6107;Mutwanga;CD6107ZS05;1;0;0;0;0;0;0;0;0;0;;0;0;0;0;0;0;0;0
Nord-Kivu;CD61;Oïcha;CD6107;Oicha;CD6107ZS06;3;103703;20741;808879,5;5215;5215;325428;108918;25956;1134307,5;;0;103702,5;0;0;0;0;5215;0
Nord-Kivu;CD61;Oïcha;CD6107;Vuhovi;CD6107ZS07;0;0;0;0;0;0;0;0;0;0;;0;0;0;0;0;0;0;0
Nord-Kivu;CD61;Beni;CD6109;Beni;CD6109ZS01;5;111231;22246;867601,8;14918;14918;930883;126149;37164;1798484,8;;0;111231;0;0;0;0;14918;0
Nord-Kivu;CD61;Butembo;CD6110;Butembo;CD6110ZS01;0;0;0;0;0;0;0;0;0;0;;0;0;0;0;0;0;0;0
Nord-Kivu;CD61;Butembo;CD6110;Katwa;CD6110ZS02;0;0;0;0;0;0;0;0;0;0;;0;0;0;0;0;0;0;0
Nord-Kivu;CD61;Rutshuru;CD6111;Bambo;CD6111ZS01;5;40394;9059;344401,5939;12156;12156;758534;52550;21215;1102935,594;;0;38902,5;1416,45;74,55;0;0;12156;0
Nord-Kivu;CD61;Rutshuru;CD6111;Binza;CD6111ZS02;0;0;0;0;0;0;0;0;0;0;;0;0;0;0;0;0;0;0
Nord-Kivu;CD61;Rutshuru;CD6111;Birambizo;CD6111ZS03;3;121588;24696;959719,5504;3051;3028;189319;124639;27724;1149038,55;;0;121012,2;547,2;28,8;0;0;3028;23
Nord-Kivu;CD61;Rutshuru;CD6111;Kibirizi;CD6111ZS04;5;137495;75029;4569022,125;19648;19648;1226010;157143;94677;5795032,125;;23509,35;67827,6;2430,1;127,9;39195,6;4404;19648;0
Nord-Kivu;CD61;Rutshuru;CD6111;Rutshuru;CD6111ZS05;0;0;0;0;0;0;0;0;0;0;;0;0;0;0;0;0;0;0
Nord-Kivu;CD61;Rutshuru;CD6111;Rwanguba;CD6111ZS06;0;0;0;0;0;0;0;0;0;0;;0;0;0;0;0;0;0;0
Sud-Kivu;CD62;Bukavu;CD6201;Bagira;CD6201ZS01;0;0;0;0;0;0;0;0;0;0;;0;0;0;0;0;0;0;0
Sud-Kivu;CD62;Bukavu;CD6201;Ibanda;CD6201ZS02;0;0;0;0;0;0;0;0;0;0;;0;0;0;0;0;0;0;0
Sud-Kivu;CD62;Bukavu;CD6201;Kadutu;CD6201ZS03;0;0;0;0;0;0;0;0;0;0;;0;0;0;0;0;0;0;0
Sud-Kivu;CD62;Kabare;CD6202;Kabare;CD6202ZS01;2;0;0;0;0;0;0;0;0;0;;0;0;0;0;0;0;0;0
Sud-Kivu;CD62;Kabare;CD6202;Kaniola;CD6202ZS02;5;0;0;0;0;0;0;0;0;0;;0;0;0;0;0;0;0;0
Sud-Kivu;CD62;Kabare;CD6202;Katana;CD6202ZS03;0;0;0;0;0;0;0;0;0;0;;0;0;0;0;0;0;0;0
Sud-Kivu;CD62;Kabare;CD6202;Miti-Murhesa;CD6202ZS04;0;0;0;0;0;0;0;0;0;0;;0;0;0;0;0;0;0;0
Sud-Kivu;CD62;Kabare;CD6202;Nyantende;CD6202ZS05;0;0;0;0;0;0;0;0;0;0;;0;0;0;0;0;0;0;0
Sud-Kivu;CD62;Shabunda;CD6203;Kalole;CD6203ZS01;3;36358;7272;283593,96;3352;3352;209165;39710;10624;492758,96;;0;36358,2;0;0;0;0;3352;0
Sud-Kivu;CD62;Shabunda;CD6203;Lulingu;CD6203ZS02;0;0;0;0;0;0;0;0;0;0;;0;0;0;0;0;0;0;0
Sud-Kivu;CD62;Shabunda;CD6203;Mulungu;CD6203ZS03;2;0;0;0;0;0;0;0;0;0;;0;0;0;0;0;0;0;0
Sud-Kivu;CD62;Shabunda;CD6203;Shabunda;CD6203ZS04;0;0;0;0;0;0;0;0;0;0;;0;0;0;0;0;0;0;0
Sud-Kivu;CD62;Kalehe;CD6205;Bunyakiri;CD6205ZS01;3;62070;12414;484143,66;6686;6686;417206;68756;19100;901349,66;;0;62069,7;0;0;0;0;6686;0
Sud-Kivu;CD62;Kalehe;CD6205;Kalehe;CD6205ZS02;0;0;0;0;0;0;0;0;0;0;;0;0;0;0;0;0;0;0
Sud-Kivu;CD62;Kalehe;CD6205;Kalonge;CD6205ZS03;3;46119;9224;359728,2;5708;5708;356179;51827;14932;715907,2;;0;46119;0;0;0;0;5708;0
Sud-Kivu;CD62;Kalehe;CD6205;Minova;CD6205ZS04;5;0;0;0;0;0;0;0;0;0;;0;0;0;0;0;0;0;0
Sud-Kivu;CD62;Idjwi;CD6206;Idjwi;CD6206ZS01;0;0;0;0;0;0;0;0;0;0;;0;0;0;0;0;0;0;0
Sud-Kivu;CD62;Walungu;CD6207;Kaziba;CD6207ZS01;0;0;0;0;0;0;0;0;0;0;;0;0;0;0;0;0;0;0
Sud-Kivu;CD62;Walungu;CD6207;Mubumbano;CD6207ZS02;2;0;0;0;0;0;0;0;0;0;;0;0;0;0;0;0;0;0
Sud-Kivu;CD62;Walungu;CD6207;Nyangezi;CD6207ZS03;0;0;0;0;0;0;0;0;0;0;;0;0;0;0;0;0;0;0
Sud-Kivu;CD62;Walungu;CD6207;Walungu;CD6207ZS04;0;0;0;0;0;0;0;0;0;0;;0;0;0;0;0;0;0;0
Sud-Kivu;CD62;Uvira;CD6208;Hauts-Plateaux;CD6208ZS01;3;0;0;0;0;0;0;0;0;0;;0;0;0;0;0;0;0;0
Sud-Kivu;CD62;Uvira;CD6208;Lemera;CD6208ZS02;3;47956;9591;374058,36;7630;7630;476137;55586;17221;850195,36;;0;47956,2;0;0;0;0;7630;0
Sud-Kivu;CD62;Uvira;CD6208;Ruzizi;CD6208ZS03;0;0;0;0;0;0;0;0;0;0;;0;0;0;0;0;0;0;0
Sud-Kivu;CD62;Uvira;CD6208;Uvira;CD6208ZS04;2;0;0;0;0;0;0;0;0;0;;0;0;0;0;0;0;0;0
Sud-Kivu;CD62;Fizi;CD6210;Fizi;CD6210ZS01;5;149823;86551;3978959,33;0;0;0;149823;86551;3978959,33;;67854,49;78256,5;0;0;3337,5;375;0;0
Sud-Kivu;CD62;Fizi;CD6210;Kimbi Lulenge;CD6210ZS02;4;0;0;0;0;0;0;0;0;0;;0;0;0;0;0;0;0;0
Sud-Kivu;CD62;Fizi;CD6210;Minembwe;CD6210ZS03;5;55390;35689;2141209,083;0;0;0;55390;35689;2141209,083;;16407,15;20465,1;0;0;16647,45;1870,5;0;0
Sud-Kivu;CD62;Fizi;CD6210;Nundu;CD6210ZS04;5;89844;51905;2322078,821;0;0;0;89844;51905;2322078,821;;42420,07;47424;0;0;0;0;0;0
Sud-Kivu;CD62;Mwenga;CD6212;Itombwe;CD6212ZS01;5;88352;78255;4128163,97;0;0;0;88352;78255;4128163,97;;61072,69;8372,4;0;0;16997,22;1909,8;0;0
Sud-Kivu;CD62;Mwenga;CD6212;Kamituga;CD6212ZS02;0;0;0;0;0;0;0;0;0;0;;0;0;0;0;0;0;0;0
Sud-Kivu;CD62;Mwenga;CD6212;Kitutu;CD6212ZS03;0;0;0;0;0;0;0;0;0;0;;0;0;0;0;0;0;0;0
Sud-Kivu;CD62;Mwenga;CD6212;Mwana;CD6212ZS04;0;0;0;0;0;0;0;0;0;0;;0;0;0;0;0;0;0;0
Sud-Kivu;CD62;Mwenga;CD6212;Mwenga;CD6212ZS05;0;0;0;0;0;0;0;0;0;0;;0;0;0;0;0;0;0;0
Maniema;CD63;Kindu;CD6301;Alunguli;CD6301ZS01;0;0;0;0;0;0;0;0;0;0;;0;0;0;0;0;0;0;0
Maniema;CD63;Kindu;CD6301;Kindu;CD6301ZS02;0;0;0;0;0;0;0;0;0;0;;0;0;0;0;0;0;0;0
Maniema;CD63;Kailo;CD6302;Kailo;CD6302ZS01;0;0;0;0;0;0;0;0;0;0;;0;0;0;0;0;0;0;0
Maniema;CD63;Punia;CD6303;Ferekeni;CD6303ZS01;3;18674;3735;145653,3;5757;5757;359224;24431;9492;504877,3;;0;18673,5;0;0;0;0;5757;0
Maniema;CD63;Punia;CD6303;Punia;CD6303ZS02;3;33142;9939;416682,63;2236;2236;139526;35378;12175;556208,63;;4138,5;29003,7;0;0;0;0;2236;0
Maniema;CD63;Lubutu;CD6305;Lubutu;CD6305ZS01;3;34995;6999;272961;4746;4746;296150;39741;11745;569111;;0;34995;0;0;0;0;4746;0
Maniema;CD63;Lubutu;CD6305;Obokote;CD6305ZS02;3;23953;4791;186834,96;2800;2800;174720;26753;7591;361554,96;;0;23953,2;0;0;0;0;2800;0
Maniema;CD63;Pangi;CD6307;Kalima;CD6307ZS01;0;0;0;0;0;0;0;0;0;0;;0;0;0;0;0;0;0;0
Maniema;CD63;Pangi;CD6307;Kampene;CD6307ZS02;0;0;0;0;0;0;0;0;0;0;;0;0;0;0;0;0;0;0
Maniema;CD63;Pangi;CD6307;Pangi;CD6307ZS03;0;0;0;0;0;0;0;0;0;0;;0;0;0;0;0;0;0;0
Maniema;CD63;Kabambare;CD6309;Kabambare;CD6309ZS01;3;0;0;0;0;0;0;0;0;0;;0;0;0;0;0;0;0;0
Maniema;CD63;Kabambare;CD6309;Lusangi;CD6309ZS02;0;0;0;0;0;0;0;0;0;0;;0;0;0;0;0;0;0;0
Maniema;CD63;Kabambare;CD6309;Saramabila;CD6309ZS03;0;0;0;0;0;0;0;0;0;0;;0;0;0;0;0;0;0;0
Maniema;CD63;Kasongo;CD6311;Kasongo;CD6311ZS01;0;0;0;0;0;0;0;0;0;0;;0;0;0;0;0;0;0;0
Maniema;CD63;Kasongo;CD6311;Kunda;CD6311ZS02;0;0;0;0;0;0;0;0;0;0;;0;0;0;0;0;0;0;0
Maniema;CD63;Kasongo;CD6311;Samba;CD6311ZS03;0;0;0;0;0;0;0;0;0;0;;0;0;0;0;0;0;0;0
Maniema;CD63;Kibombo;CD6313;Kibombo;CD6313ZS01;0;0;0;0;0;0;0;0;0;0;;0;0;0;0;0;0;0;0
Maniema;CD63;Kibombo;CD6313;Tunda;CD6313ZS02;0;0;0;0;0;0;0;0;0;0;;0;0;0;0;0;0;0;0
Haut-Katanga;CD71;Lubumbashi;CD7101;Kamalondo;CD7101ZS01;0;0;0;0;0;0;0;0;0;0;;0;0;0;0;0;0;0;0
Haut-Katanga;CD71;Lubumbashi;CD7101;Kampemba;CD7101ZS02;0;0;0;0;0;0;0;0;0;0;;0;0;0;0;0;0;0;0
Haut-Katanga;CD71;Lubumbashi;CD7101;Katuba;CD7101ZS03;0;0;0;0;0;0;0;0;0;0;;0;0;0;0;0;0;0;0
Haut-Katanga;CD71;Lubumbashi;CD7101;Kenya;CD7101ZS04;0;0;0;0;0;0;0;0;0;0;;0;0;0;0;0;0;0;0
Haut-Katanga;CD71;Lubumbashi;CD7101;Kisanga;CD7101ZS05;0;0;0;0;0;0;0;0;0;0;;0;0;0;0;0;0;0;0
Haut-Katanga;CD71;Lubumbashi;CD7101;Kowe;CD7101ZS06;0;0;0;0;0;0;0;0;0;0;;0;0;0;0;0;0;0;0
Haut-Katanga;CD71;Lubumbashi;CD7101;Lubumbashi;CD7101ZS07;0;0;0;0;0;0;0;0;0;0;;0;0;0;0;0;0;0;0
Haut-Katanga;CD71;Lubumbashi;CD7101;Mumbunda;CD7101ZS08;0;0;0;0;0;0;0;0;0;0;;0;0;0;0;0;0;0;0
Haut-Katanga;CD71;Lubumbashi;CD7101;Rwashi;CD7101ZS09;0;0;0;0;0;0;0;0;0;0;;0;0;0;0;0;0;0;0
Haut-Katanga;CD71;Lubumbashi;CD7101;Tshamilemba;CD7101ZS10;0;0;0;0;0;0;0;0;0;0;;0;0;0;0;0;0;0;0
Haut-Katanga;CD71;Lubumbashi;CD7101;Vangu;CD7101ZS11;0;0;0;0;0;0;0;0;0;0;;0;0;0;0;0;0;0;0
Haut-Katanga;CD71;Kipushi;CD7102;Kafubu;CD7102ZS01;0;0;0;0;0;0;0;0;0;0;;0;0;0;0;0;0;0;0
Haut-Katanga;CD71;Kipushi;CD7102;Kipushi;CD7102ZS02;0;0;0;0;0;0;0;0;0;0;;0;0;0;0;0;0;0;0
Haut-Katanga;CD71;Sakania;CD7104;Sakania;CD7104ZS01;0;0;0;0;0;0;0;0;0;0;;0;0;0;0;0;0;0;0
Haut-Katanga;CD71;Kambove;CD7105;Kambove;CD7105ZS01;0;0;0;0;0;0;0;0;0;0;;0;0;0;0;0;0;0;0
Haut-Katanga;CD71;Kambove;CD7105;Kapolowe;CD7105ZS02;0;0;0;0;0;0;0;0;0;0;;0;0;0;0;0;0;0;0
Haut-Katanga;CD71;Kambove;CD7105;Kilela Balanda;CD7105ZS03;0;0;0;0;0;0;0;0;0;0;;0;0;0;0;0;0;0;0
Haut-Katanga;CD71;Kambove;CD7105;Manika;CD7105ZS04;0;0;0;0;0;0;0;0;0;0;;0;0;0;0;0;0;0;0
Haut-Katanga;CD71;Kambove;CD7105;Panda;CD7105ZS05;0;0;0;0;0;0;0;0;0;0;;0;0;0;0;0;0;0;0
Haut-Katanga;CD71;Likasi;CD7106;Likasi;CD7106ZS01;0;0;0;0;0;0;0;0;0;0;;0;0;0;0;0;0;0;0
Haut-Katanga;CD71;Kasenga;CD7107;Kasenga;CD7107ZS01;0;0;0;0;0;0;0;0;0;0;;0;0;0;0;0;0;0;0
Haut-Katanga;CD71;Kasenga;CD7107;Kikula;CD7107ZS02;0;0;0;0;0;0;0;0;0;0;;0;0;0;0;0;0;0;0
Haut-Katanga;CD71;Kasenga;CD7107;Lukafu;CD7107ZS03;0;0;0;0;0;0;0;0;0;0;;0;0;0;0;0;0;0;0
Haut-Katanga;CD71;Kasenga;CD7107;Kashobwe;CD7107ZS04;0;0;0;0;0;0;0;0;0;0;;0;0;0;0;0;0;0;0
Haut-Katanga;CD71;Mitwaba;CD7108;Mitwaba;CD7108ZS01;0;0;0;0;0;0;0;0;0;0;;0;0;0;0;0;0;0;0
Haut-Katanga;CD71;Mitwaba;CD7108;Mufunga Sampwe;CD7108ZS02;0;0;0;0;0;0;0;0;0;0;;0;0;0;0;0;0;0;0
Haut-Katanga;CD71;Pweto;CD7109;Kilwa;CD7109ZS01;5;134038;46509;2887960,647;0;0;0;134038;46509;2887960,647;;369,35;102379,5;0;0;28128,45;3160,5;0;0
Haut-Katanga;CD71;Pweto;CD7109;Pweto;CD7109ZS02;5;97152;29566;1648957,57;0;0;0;97152;29566;1648957,57;;1513;81258,9;171;9;12766,16;1434,4;0;0
Lualaba;CD72;Mutshatsha;CD7202;Dilala;CD7202ZS01;0;0;0;0;0;0;0;0;0;0;;0;0;0;0;0;0;0;0
Lualaba;CD72;Mutshatsha;CD7202;Lualaba;CD7202ZS02;0;0;0;0;0;0;0;0;0;0;;0;0;0;0;0;0;0;0
Lualaba;CD72;Mutshatsha;CD7202;Mutshatsha;CD7202ZS03;0;0;0;0;0;0;0;0;0;0;;0;0;0;0;0;0;0;0
Lualaba;CD72;Lubudi;CD7203;Bunkeya;CD7203ZS01;0;0;0;0;0;0;0;0;0;0;;0;0;0;0;0;0;0;0
Lualaba;CD72;Lubudi;CD7203;Fungurume;CD7203ZS02;0;0;0;0;0;0;0;0;0;0;;0;0;0;0;0;0;0;0
Lualaba;CD72;Lubudi;CD7203;Kanzenze;CD7203ZS03;0;0;0;0;0;0;0;0;0;0;;0;0;0;0;0;0;0;0
Lualaba;CD72;Lubudi;CD7203;Lubudi;CD7203ZS04;0;0;0;0;0;0;0;0;0;0;;0;0;0;0;0;0;0;0
Lualaba;CD72;Dilolo;CD7205;Dilolo;CD7205ZS01;0;0;0;0;0;0;0;0;0;0;;0;0;0;0;0;0;0;0
Lualaba;CD72;Dilolo;CD7205;Kasaji;CD7205ZS02;0;0;0;0;0;0;0;0;0;0;;0;0;0;0;0;0;0;0
Lualaba;CD72;Sandoa;CD7206;Kafakumba;CD7206ZS01;0;0;0;0;0;0;0;0;0;0;;0;0;0;0;0;0;0;0
Lualaba;CD72;Sandoa;CD7206;Sandoa;CD7206ZS02;0;0;0;0;0;0;0;0;0;0;;0;0;0;0;0;0;0;0
Lualaba;CD72;Kapanga;CD7207;Kalamba;CD7207ZS01;0;0;0;0;0;0;0;0;0;0;;0;0;0;0;0;0;0;0
Lualaba;CD72;Kapanga;CD7207;Kapanga;CD7207ZS02;3;54893;18030;793200,6238;0;0;0;54893;18030;793200,6238;;8055,39;45859,8;0;0;879,32;98,8;0;0
Haut-Lomami;CD73;Kamina;CD7302;Baka;CD7302ZS01;0;0;0;0;0;0;0;0;0;0;;0;0;0;0;0;0;0;0
Haut-Lomami;CD73;Kamina;CD7302;Kamina;CD7302ZS02;0;0;0;0;0;0;0;0;0;0;;0;0;0;0;0;0;0;0
Haut-Lomami;CD73;Kamina;CD7302;Kinda;CD7302ZS03;0;0;0;0;0;0;0;0;0;0;;0;0;0;0;0;0;0;0
Haut-Lomami;CD73;Kamina;CD7302;Songa;CD7302ZS04;0;0;0;0;0;0;0;0;0;0;;0;0;0;0;0;0;0;0
Haut-Lomami;CD73;Kaniama;CD7303;Kaniama;CD7303ZS01;0;0;0;0;0;0;0;0;0;0;;0;0;0;0;0;0;0;0
Haut-Lomami;CD73;Kabongo;CD7304;Kabongo;CD7304ZS01;0;0;0;0;0;0;0;0;0;0;;0;0;0;0;0;0;0;0
Haut-Lomami;CD73;Kabongo;CD7304;Kayamba;CD7304ZS02;0;0;0;0;0;0;0;0;0;0;;0;0;0;0;0;0;0;0
Haut-Lomami;CD73;Kabongo;CD7304;Kitenge;CD7304ZS03;0;0;0;0;0;0;0;0;0;0;;0;0;0;0;0;0;0;0
Haut-Lomami;CD73;Malemba-Nkulu;CD7305;Kinkondja;CD7305ZS01;0;0;0;0;0;0;0;0;0;0;;0;0;0;0;0;0;0;0
Haut-Lomami;CD73;Malemba-Nkulu;CD7305;Lwamba;CD7305ZS02;0;0;0;0;0;0;0;0;0;0;;0;0;0;0;0;0;0;0
Haut-Lomami;CD73;Malemba-Nkulu;CD7305;Mukanga;CD7305ZS03;0;0;0;0;0;0;0;0;0;0;;0;0;0;0;0;0;0;0
Haut-Lomami;CD73;Malemba-Nkulu;CD7305;Mulongo;CD7305ZS04;0;0;0;0;0;0;0;0;0;0;;0;0;0;0;0;0;0;0
Haut-Lomami;CD73;Bukama;CD7306;Bukama;CD7306ZS01;0;0;0;0;0;0;0;0;0;0;;0;0;0;0;0;0;0;0
Haut-Lomami;CD73;Bukama;CD7306;Butumba;CD7306ZS02;0;0;0;0;0;0;0;0;0;0;;0;0;0;0;0;0;0;0
Haut-Lomami;CD73;Bukama;CD7306;Kabondo Dianda;CD7306ZS03;0;0;0;0;0;0;0;0;0;0;;0;0;0;0;0;0;0;0
Haut-Lomami;CD73;Bukama;CD7306;Malemba;CD7306ZS04;0;0;0;0;0;0;0;0;0;0;;0;0;0;0;0;0;0;0
Tanganyika;CD74;Kalemie;CD7402;Kalemie;CD7402ZS01;5;137334;60453;3194089,523;9534;7722;510590;146868;68175;3704679,523;;24320,14;91314,9;1828,75;96,25;17776,86;1997,4;7722;1812
Tanganyika;CD74;Kalemie;CD7402;Nyemba;CD7402ZS02;5;92853;19551;753583,3539;11164;4062;366129;104017;23613;1119712,354;;0;91361,7;1416,45;74,55;0;0;4062;7102
Tanganyika;CD74;Moba;CD7404;Kansimba;CD7404ZS01;3;53163;12145;535701,27;1296;1296;80895;54459;13441;616596,27;;578,5;50891,1;0;0;1521,9;171;1296;0
Tanganyika;CD74;Moba;CD7404;Moba;CD7404ZS02;2;0;0;0;0;0;0;0;0;0;;0;0;0;0;0;0;0;0
Tanganyika;CD74;Manono;CD7406;Ankoro;CD7406ZS01;0;0;0;0;0;0;0;0;0;0;;0;0;0;0;0;0;0;0
Tanganyika;CD74;Manono;CD7406;Kiyambi;CD7406ZS02;3;61236;18300;940739,332;0;0;0;61236;18300;940739,332;;2883,6;52313,7;0;0;5429;610;0;0
Tanganyika;CD74;Manono;CD7406;Manono;CD7406ZS03;3;106415;32251;1825133,287;862;862;53789;107277;33113;1878922,287;;1029,73;89029,5;0;0;14703,69;1652,1;862;0
Tanganyika;CD74;Kabalo;CD7407;Kabalo;CD7407ZS01;5;84203;20566;849753,684;136;136;8486;84339;20702;858239,684;;4254,2;79429,5;0;0;467,25;52,5;136;0
Tanganyika;CD74;Kongolo;CD7409;Kongolo;CD7409ZS01;5;0;0;0;0;0;0;0;0;0;;0;0;0;0;0;0;0;0
Tanganyika;CD74;Kongolo;CD7409;Mbulula;CD7409ZS02;0;0;0;0;0;0;0;0;0;0;;0;0;0;0;0;0;0;0
Tanganyika;CD74;Nyunzu;CD7410;Nyunzu;CD7410ZS01;5;81835;17830;708213,519;3395;3395;211836;85230;21225;920049,519;;1828,95;80005,8;0;0;0;0;3395;0
Lomami;CD81;Kabinda;CD8102;Kabinda;CD8102ZS01;0;0;0;0;0;0;0;0;0;0;;0;0;0;0;0;0;0;0
Lomami;CD81;Kabinda;CD8102;Kalonda Est;CD8102ZS02;0;0;0;0;0;0;0;0;0;0;;0;0;0;0;0;0;0;0
Lomami;CD81;Kabinda;CD8102;Ludimbi Lukula;CD8102ZS03;0;0;0;0;0;0;0;0;0;0;;0;0;0;0;0;0;0;0
Lomami;CD81;Mwene-Ditu;CD8103;Makota;CD8103ZS01;0;0;0;0;0;0;0;0;0;0;;0;0;0;0;0;0;0;0
Lomami;CD81;Mwene-Ditu;CD8103;Mwene Ditu;CD8103ZS02;2;0;0;0;0;0;0;0;0;0;;0;0;0;0;0;0;0;0
Lomami;CD81;Luilu;CD8104;Kalenda;CD8104ZS01;1;0;0;0;0;0;0;0;0;0;;0;0;0;0;0;0;0;0
Lomami;CD81;Luilu;CD8104;Kanda Kanda;CD8104ZS02;0;0;0;0;0;0;0;0;0;0;;0;0;0;0;0;0;0;0
Lomami;CD81;Luilu;CD8104;Luputa;CD8104ZS03;0;0;0;0;0;0;0;0;0;0;;0;0;0;0;0;0;0;0
Lomami;CD81;Luilu;CD8104;Wikong;CD8104ZS04;3;0;0;0;0;0;0;0;0;0;;0;0;0;0;0;0;0;0
Lomami;CD81;Kamiji;CD8105;Kamiji;CD8105ZS01;0;0;0;0;0;0;0;0;0;0;;0;0;0;0;0;0;0;0
Lomami;CD81;Ngandajika;CD8106;Kalambayi Kabanga;CD8106ZS01;0;0;0;0;0;0;0;0;0;0;;0;0;0;0;0;0;0;0
Lomami;CD81;Ngandajika;CD8106;Mulumba;CD8106ZS02;0;0;0;0;0;0;0;0;0;0;;0;0;0;0;0;0;0;0
Lomami;CD81;Ngandajika;CD8106;Ngandajika;CD8106ZS03;0;0;0;0;0;0;0;0;0;0;;0;0;0;0;0;0;0;0
Lomami;CD81;Lubao;CD8108;Kamana;CD8108ZS01;0;0;0;0;0;0;0;0;0;0;;0;0;0;0;0;0;0;0
Lomami;CD81;Lubao;CD8108;Lubao;CD8108ZS02;0;0;0;0;0;0;0;0;0;0;;0;0;0;0;0;0;0;0
Lomami;CD81;Lubao;CD8108;Tshofa;CD8108ZS03;0;0;0;0;0;0;0;0;0;0;;0;0;0;0;0;0;0;0
Kasaï-Oriental;CD82;Mbuji-Mayi;CD8201;Bipemba;CD8201ZS01;0;0;0;0;0;0;0;0;0;0;;0;0;0;0;0;0;0;0
Kasaï-Oriental;CD82;Mbuji-Mayi;CD8201;Bonzola;CD8201ZS02;0;0;0;0;0;0;0;0;0;0;;0;0;0;0;0;0;0;0
Kasaï-Oriental;CD82;Mbuji-Mayi;CD8201;Dibindi;CD8201ZS03;0;0;0;0;0;0;0;0;0;0;;0;0;0;0;0;0;0;0
Kasaï-Oriental;CD82;Mbuji-Mayi;CD8201;Diulu;CD8201ZS04;0;0;0;0;0;0;0;0;0;0;;0;0;0;0;0;0;0;0
Kasaï-Oriental;CD82;Mbuji-Mayi;CD8201;Kansele;CD8201ZS05;0;0;0;0;0;0;0;0;0;0;;0;0;0;0;0;0;0;0
Kasaï-Oriental;CD82;Mbuji-Mayi;CD8201;Lubilanji;CD8201ZS06;0;0;0;0;0;0;0;0;0;0;;0;0;0;0;0;0;0;0
Kasaï-Oriental;CD82;Mbuji-Mayi;CD8201;Lukelenge;CD8201ZS07;0;0;0;0;0;0;0;0;0;0;;0;0;0;0;0;0;0;0
Kasaï-Oriental;CD82;Mbuji-Mayi;CD8201;Mpokolo;CD8201ZS08;0;0;0;0;0;0;0;0;0;0;;0;0;0;0;0;0;0;0
Kasaï-Oriental;CD82;Mbuji-Mayi;CD8201;Muya;CD8201ZS09;0;0;0;0;0;0;0;0;0;0;;0;0;0;0;0;0;0;0
Kasaï-Oriental;CD82;Mbuji-Mayi;CD8201;Nzaba;CD8201ZS10;0;0;0;0;0;0;0;0;0;0;;0;0;0;0;0;0;0;0
Kasaï-Oriental;CD82;Tshilenge;CD8202;Kasansa;CD8202ZS01;0;0;0;0;0;0;0;0;0;0;;0;0;0;0;0;0;0;0
Kasaï-Oriental;CD82;Tshilenge;CD8202;Tshilenge;CD8202ZS02;0;0;0;0;0;0;0;0;0;0;;0;0;0;0;0;0;0;0
Kasaï-Oriental;CD82;Miabi;CD8205;Cilundu;CD8205ZS01;0;0;0;0;0;0;0;0;0;0;;0;0;0;0;0;0;0;0
Kasaï-Oriental;CD82;Miabi;CD8205;Miabi;CD8205ZS02;0;0;0;0;0;0;0;0;0;0;;0;0;0;0;0;0;0;0
Kasaï-Oriental;CD82;Kabeya-Kamwanga;CD8207;Kabeya Kamuanga;CD8207ZS01;2;0;0;0;0;0;0;0;0;0;;0;0;0;0;0;0;0;0
Kasaï-Oriental;CD82;Lupatapata;CD8208;Mukumbi;CD8208ZS01;0;0;0;0;0;0;0;0;0;0;;0;0;0;0;0;0;0;0
Kasaï-Oriental;CD82;Lupatapata;CD8208;Tshishimbi;CD8208ZS02;0;0;0;0;0;0;0;0;0;0;;0;0;0;0;0;0;0;0
Kasaï-Oriental;CD82;Katanda;CD8209;Bibanga;CD8209ZS01;0;0;0;0;0;0;0;0;0;0;;0;0;0;0;0;0;0;0
Kasaï-Oriental;CD82;Katanda;CD8209;Tshitenge;CD8209ZS02;0;0;0;0;0;0;0;0;0;0;;0;0;0;0;0;0;0;0
Sankuru;CD83;Lusambo;CD8302;Lusambo;CD8302ZS01;0;0;0;0;0;0;0;0;0;0;;0;0;0;0;0;0;0;0
Sankuru;CD83;Lusambo;CD8302;Ototo;CD8302ZS02;0;0;0;0;0;0;0;0;0;0;;0;0;0;0;0;0;0;0
Sankuru;CD83;Lusambo;CD8302;Pania Mutombo;CD8302ZS03;0;0;0;0;0;0;0;0;0;0;;0;0;0;0;0;0;0;0
Sankuru;CD83;Lodja;CD8303;Lodja;CD8303ZS01;0;0;0;0;0;0;0;0;0;0;;0;0;0;0;0;0;0;0
Sankuru;CD83;Lodja;CD8303;Omendjadi;CD8303ZS02;0;0;0;0;0;0;0;0;0;0;;0;0;0;0;0;0;0;0
Sankuru;CD83;Lodja;CD8303;Vanga Kete;CD8303ZS03;0;0;0;0;0;0;0;0;0;0;;0;0;0;0;0;0;0;0
Sankuru;CD83;Kole;CD8306;Bena Dibele;CD8306ZS01;0;0;0;0;0;0;0;0;0;0;;0;0;0;0;0;0;0;0
Sankuru;CD83;Kole;CD8306;Kole;CD8306ZS02;0;0;0;0;0;0;0;0;0;0;;0;0;0;0;0;0;0;0
Sankuru;CD83;Lomela;CD8307;Lomela;CD8307ZS01;0;0;0;0;0;0;0;0;0;0;;0;0;0;0;0;0;0;0
Sankuru;CD83;Lomela;CD8307;Tshudi Loto;CD8307ZS02;0;0;0;0;0;0;0;0;0;0;;0;0;0;0;0;0;0;0
Sankuru;CD83;Katako Kombe;CD8308;Djalo Djeka;CD8308ZS01;0;0;0;0;0;0;0;0;0;0;;0;0;0;0;0;0;0;0
Sankuru;CD83;Katako Kombe;CD8308;Katako Kombe;CD8308ZS02;0;0;0;0;0;0;0;0;0;0;;0;0;0;0;0;0;0;0
Sankuru;CD83;Katako Kombe;CD8308;Wembo Nyama;CD8308ZS03;0;0;0;0;0;0;0;0;0;0;;0;0;0;0;0;0;0;0
Sankuru;CD83;Lubefu;CD8309;Dikungu;CD8309ZS01;0;0;0;0;0;0;0;0;0;0;;0;0;0;0;0;0;0;0
Sankuru;CD83;Lubefu;CD8309;Minga;CD8309ZS02;0;0;0;0;0;0;0;0;0;0;;0;0;0;0;0;0;0;0
Sankuru;CD83;Lubefu;CD8309;Tshumbe;CD8309ZS03;0;0;0;0;0;0;0;0;0;0;;0;0;0;0;0;0;0;0
Kasaï-Central;CD91;Kananga;CD9101;Bobozo;CD9101ZS01;0;0;0;0;0;0;0;0;0;0;;0;0;0;0;0;0;0;0
Kasaï-Central;CD91;Kananga;CD9101;Kananga;CD9101ZS02;3;0;0;0;0;0;0;0;0;0;;0;0;0;0;0;0;0;0
Kasaï-Central;CD91;Kananga;CD9101;Katoka;CD9101ZS03;2;0;0;0;0;0;0;0;0;0;;0;0;0;0;0;0;0;0
Kasaï-Central;CD91;Kananga;CD9101;Lukonga;CD9101ZS04;2;0;0;0;0;0;0;0;0;0;;0;0;0;0;0;0;0;0
Kasaï-Central;CD91;Kananga;CD9101;Ndesha;CD9101ZS05;1;0;0;0;0;0;0;0;0;0;;0;0;0;0;0;0;0;0
Kasaï-Central;CD91;Kananga;CD9101;Tshikaji;CD9101ZS06;1;0;0;0;0;0;0;0;0;0;;0;0;0;0;0;0;0;0
Kasaï-Central;CD91;Dibaya;CD9102;Bunkonde;CD9102ZS01;0;0;0;0;0;0;0;0;0;0;;0;0;0;0;0;0;0;0
Kasaï-Central;CD91;Dibaya;CD9102;Dibaya;CD9102ZS02;0;0;0;0;0;0;0;0;0;0;;0;0;0;0;0;0;0;0
Kasaï-Central;CD91;Dibaya;CD9102;Lubondaie;CD9102ZS03;0;0;0;0;0;0;0;0;0;0;;0;0;0;0;0;0;0;0
Kasaï-Central;CD91;Dibaya;CD9102;Tshikula;CD9102ZS04;0;0;0;0;0;0;0;0;0;0;;0;0;0;0;0;0;0;0
Kasaï-Central;CD91;Luiza;CD9104;Luambo;CD9104ZS01;5;0;0;0;0;0;0;0;0;0;;0;0;0;0;0;0;0;0
Kasaï-Central;CD91;Luiza;CD9104;Luiza;CD9104ZS02;4;0;0;0;0;0;0;0;0;0;;0;0;0;0;0;0;0;0
Kasaï-Central;CD91;Luiza;CD9104;Masuika;CD9104ZS03;3;0;0;0;0;0;0;0;0;0;;0;0;0;0;0;0;0;0
Kasaï-Central;CD91;Luiza;CD9104;Yangala;CD9104ZS04;3;0;0;0;0;0;0;0;0;0;;0;0;0;0;0;0;0;0
Kasaï-Central;CD91;Kazumba;CD9105;Bilomba;CD9105ZS01;2;0;0;0;0;0;0;0;0;0;;0;0;0;0;0;0;0;0
Kasaï-Central;CD91;Kazumba;CD9105;Kalomba;CD9105ZS02;4;0;0;0;0;0;0;0;0;0;;0;0;0;0;0;0;0;0
Kasaï-Central;CD91;Kazumba;CD9105;Mikalayi;CD9105ZS03;3;0;0;0;0;0;0;0;0;0;;0;0;0;0;0;0;0;0
Kasaï-Central;CD91;Kazumba;CD9105;Ndekesha;CD9105ZS04;2;0;0;0;0;0;0;0;0;0;;0;0;0;0;0;0;0;0
Kasaï-Central;CD91;Kazumba;CD9105;Tshibala;CD9105ZS05;3;0;0;0;0;0;0;0;0;0;;0;0;0;0;0;0;0;0
Kasaï-Central;CD91;Demba;CD9106;Bena Leka;CD9106ZS01;0;0;0;0;0;0;0;0;0;0;;0;0;0;0;0;0;0;0
Kasaï-Central;CD91;Demba;CD9106;Demba;CD9106ZS02;0;0;0;0;0;0;0;0;0;0;;0;0;0;0;0;0;0;0
Kasaï-Central;CD91;Demba;CD9106;Mutoto;CD9106ZS03;0;0;0;0;0;0;0;0;0;0;;0;0;0;0;0;0;0;0
Kasaï-Central;CD91;Dimbelenge;CD9107;Bena Tshiadi;CD9107ZS01;0;0;0;0;0;0;0;0;0;0;;0;0;0;0;0;0;0;0
Kasaï-Central;CD91;Dimbelenge;CD9107;Katende;CD9107ZS02;0;0;0;0;0;0;0;0;0;0;;0;0;0;0;0;0;0;0
Kasaï-Central;CD91;Dimbelenge;CD9107;Lubunga;CD9107ZS03;0;0;0;0;0;0;0;0;0;0;;0;0;0;0;0;0;0;0
Kasaï-Central;CD91;Dimbelenge;CD9107;Muetshi;CD9107ZS04;0;0;0;0;0;0;0;0;0;0;;0;0;0;0;0;0;0;0
Kasaï;CD92;Kamonia;CD9202;Kalonda Ouest;CD9202ZS01;0;0;0;0;0;0;0;0;0;0;;0;0;0;0;0;0;0;0
Kasaï;CD92;Kamonia;CD9202;Kamonia;CD9202ZS02;5;0;0;0;0;0;0;0;0;0;;0;0;0;0;0;0;0;0
Kasaï;CD92;Kamonia;CD9202;Kamwesha;CD9202ZS03;0;0;0;0;0;0;0;0;0;0;;0;0;0;0;0;0;0;0
Kasaï;CD92;Kamonia;CD9202;Kanzala;CD9202ZS04;0;0;0;0;0;0;0;0;0;0;;0;0;0;0;0;0;0;0
Kasaï;CD92;Kamonia;CD9202;Kitangwa;CD9202ZS05;0;0;0;0;0;0;0;0;0;0;;0;0;0;0;0;0;0;0
Kasaï;CD92;Kamonia;CD9202;Mutena;CD9202ZS06;3;0;0;0;0;0;0;0;0;0;;0;0;0;0;0;0;0;0
Kasaï;CD92;Kamonia;CD9202;Nyanga;CD9202ZS07;0;0;0;0;0;0;0;0;0;0;;0;0;0;0;0;0;0;0
Kasaï;CD92;Kamonia;CD9202;Tshikapa;CD9202ZS08;5;0;0;0;0;0;0;0;0;0;;0;0;0;0;0;0;0;0
Kasaï;CD92;Luebo;CD9204;Luebo;CD9204ZS01;0;0;0;0;0;0;0;0;0;0;;0;0;0;0;0;0;0;0
Kasaï;CD92;Luebo;CD9204;Ndjoko-Mpunda;CD9204ZS02;0;0;0;0;0;0;0;0;0;0;;0;0;0;0;0;0;0;0
Kasaï;CD92;Ilebo;CD9205;Banga Lubaka;CD9205ZS01;0;0;0;0;0;0;0;0;0;0;;0;0;0;0;0;0;0;0
Kasaï;CD92;Ilebo;CD9205;Ilebo;CD9205ZS02;0;0;0;0;0;0;0;0;0;0;;0;0;0;0;0;0;0;0
Kasaï;CD92;Ilebo;CD9205;Mikope;CD9205ZS03;0;0;0;0;0;0;0;0;0;0;;0;0;0;0;0;0;0;0
Kasaï;CD92;Mweka;CD9207;Bulape;CD9207ZS01;0;0;0;0;0;0;0;0;0;0;;0;0;0;0;0;0;0;0
Kasaï;CD92;Mweka;CD9207;Kakenge;CD9207ZS02;0;0;0;0;0;0;0;0;0;0;;0;0;0;0;0;0;0;0
Kasaï;CD92;Mweka;CD9207;Mushenge;CD9207ZS03;0;0;0;0;0;0;0;0;0;0;;0;0;0;0;0;0;0;0
Kasaï;CD92;Mweka;CD9207;Mweka;CD9207ZS04;0;0;0;0;0;0;0;0;0;0;;0;0;0;0;0;0;0;0
Kasaï;CD92;Dekese;CD9208;Dekese;CD9208ZS01;0;0;0;0;0;0;0;0;0;0;;0;0;0;0;0;0;0;0
;;;;;;; 3 268 389 ; 1 179 408 ; 55 402 680 ; 200 311 ; 190 720 ; 12 053 063 ; 3 468 700 ; 1 370 128 ; 67 455 743 ;; 502 480 ; 2 567 740 ; 21 451 ; 1 129 ; 157 850 ; 17 736 ; 190 720 ; 9 591 
